D/U,SURVEY CODE,PATH,n,SITE,DATE (mm/dd/yyyy),AVG DEPTH (m) ,TIME (24hr),DURATION (m) ,VIS,WEATHER (1-5) ,CURRENT,BOATS,RESEARCHERS,Parrotfish ,Rabbitfish ,Butterflyfish ,Angelfish ,Cleaner_Wrasse ,Batfish ,Thicklip ,Red_Breast ,Slingjaw ,Sweetlips ,Squirrel/Soldier ,Triggerfish ,Porcupine/Puffer,Ray,Snapper<30,Snapper>30 ,Eel,Trevally,Emperorfish ,Grouper<30,Grouper>30 ,Barracuda ,Surgeonfish
D,AL2508_1,DEEP,A,Aow Leuk,08/04/2025,8.5,13:05,100,14,2,None,8,Cassidy,8,22,19,0,3,0,2,4,2,0,0,0,0,0,0,0,0,1,0,9,0,0,NA
D,AL2508_1,DEEP,A,Aow Leuk,08/04/2025,8.5,13:06,100,13,2,None,8,Maia,172,15,24,0,2,0,0,9,2,0,0,0,0,0,0,0,0,1,0,11,2,0,NA
D,AL2508_1,DEEP,B,Aow Leuk,08/04/2025,8.5,13:13,100,14,2,None,8,Cassidy,12,27,25,1,2,0,2,4,0,0,0,0,0,0,0,0,0,0,2,6,7,0,NA
D,AL2508_1,DEEP,B,Aow Leuk,08/04/2025,8.5,13:12,100,13,2,None,8,Maia,9,14,20,0,3,0,1,4,0,0,0,0,0,0,0,0,0,0,0,18,6,0,NA
D,AL2508_2,DEEP,A,Aow Leuk,08/04/2025,9,3:03,100,12,2,None,12,Iola,18,40,15,0,2,0,3,12,1,0,7,0,0,0,0,0,0,1,1,17,0,0,NA
D,AL2508_2,DEEP,A,Aow Leuk,08/04/2025,9,3:03,100,12,2,None,12,Maddy,10,29,13,1,0,0,2,10,1,0,0,0,0,0,0,0,0,1,0,11,4,0,NA
D,AL2508_2,DEEP,B,Aow Leuk,08/04/2025,9,3:14,100,12,2,None,12,Iola,12,26,13,0,5,0,2,6,3,0,11,1,0,0,0,0,0,0,0,18,1,0,NA
D,AL2508_2,DEEP,B,Aow Leuk,08/04/2025,9,3:14,100,12,2,None,12,Maddy,9,37,11,0,0,0,2,8,2,0,5,0,0,0,0,0,0,0,0,10,3,0,NA
D,AL2508_3,SHALLOW,A,Aow Leuk,08/04/2025,8.5,13:05,100,14,2,None,8,Hanwei,29,14,5,0,0,0,3,2,2,0,0,0,0,0,0,1,0,0,0,6,0,0,NA
D,AL2508_3,SHALLOW,A,Aow Leuk,08/04/2025,8.5,13:05,100,14,2,None,8,Caitlyn,136,17,5,2,4,0,4,4,2,0,0,0,0,0,0,0,0,0,2,7,4,0,NA
D,AL2508_3,SHALLOW,B,Aow Leuk,08/04/2025,8.5,13:13,100,14,2,None,8,Hanwei,94,14,7,0,0,0,3,2,2,0,2,0,0,0,3,0,0,0,0,10,2,0,NA
D,AL2508_3,SHALLOW,B,Aow Leuk,08/04/2025,8.5,13:05,100,14,2,None,8,Caitlyn,17,15,13,1,6,0,3,3,0,0,0,0,0,0,0,0,0,0,0,9,5,0,NA
D,MA2508_1,DEEP,A,Mango Bay,08/05/2025,9.2,13:14,100,15,4,None,9,Nico,11,9,11,0,13,0,0,2,9,0,2,0,0,0,17,0,0,0,1,19,3,0,NA
D,MA2508_1,DEEP,A,Mango Bay,08/05/2025,9.2,13:14,100,15,4,None,9,Louis,7,21,8,0,5,0,1,2,3,0,0,0,0,0,12,0,0,1,0,13,0,0,NA
D,MA2508_1,DEEP,B,Mango Bay,08/05/2025,9.2,13:25,100,15,4,None,9,Nico,14,18,17,0,8,0,0,8,10,0,0,0,0,0,8,0,0,0,1,11,4,0,NA
D,MA2508_1,DEEP,B,Mango Bay,08/05/2025,9.2,13:25,100,15,4,None,9,Louis,9,18,16,0,7,0,0,6,5,0,0,0,0,0,13,0,0,0,1,10,3,0,NA
D,TB2508_1,DEEP,A,Tanote Bay,08/06/2025,8,15:21,100,15,2,None,4,Amira,22,24,26,1,4,0,1,4,0,0,25,0,0,0,0,0,0,0,0,6,4,0,NA
D,TB2508_1,DEEP,A,Tanote Bay,08/06/2025,8,15:21,100,15,2,None,4,Hanwei,32,21,32,2,4,0,2,3,2,0,5,0,0,0,0,1,0,0,0,1,1,0,NA
D,TB2508_1,DEEP,B,Tanote Bay,08/06/2025,8,15:33,100,15,2,None,4,Amira,16,14,19,0,3,0,2,3,0,0,18,0,0,0,0,0,0,0,0,7,6,0,NA
D,TB2508_1,DEEP,B,Tanote Bay,08/06/2025,8,15:33,100,15,2,None,4,Hanwei,10,11,20,0,4,0,1,1,3,0,12,0,0,0,0,0,0,0,0,4,3,0,NA
D,SI2508_1,DEEP,A,Shark Island ,08/07/2025,9,7:30,100,15,2,None,1,Louis,12,61,66,3,3,7,2,0,0,1,1,0,0,0,20,0,0,3,2,34,6,0,NA
D,SI2508_1,DEEP,A,Shark Island ,08/07/2025,9,7:30,100,15,2,None,1,Nico,35,85,48,2,21,7,2,0,0,0,6,0,0,0,14,0,0,8,7,48,0,0,NA
D,SI2508_1,DEEP,B,Shark Island ,08/07/2025,9,7:30,100,15,2,None,1,Louis,12,81,70,1,2,0,1,1,0,1,0,1,0,0,97,0,0,1,2,14,1,0,NA
D,SI2508_1,DEEP,B,Shark Island ,08/07/2025,9,7:30,100,15,2,None,1,Nico,33,61,69,2,2,6,3,0,0,0,3,0,0,0,34,0,0,3,17,34,6,0,NA
D,AL2508_4,SHALLOW,A,Aow Leuk,08/07/2025,8,13:07,100,15,3,None,14,Cassidy,26,61,28,3,3,0,0,9,0,0,17,0,0,0,14,0,0,0,0,17,8,0,NA
D,AL2508_4,SHALLOW,A,Aow Leuk,08/07/2025,8,13:07,100,15,3,None,14,Maia,23,64,29,3,2,0,2,10,0,0,11,0,0,0,13,0,0,0,0,27,3,0,NA
D,AL2508_4,SHALLOW,B,Aow Leuk,08/07/2025,8,13:17,100,15,3,None,,Cassidy,26,55,24,0,2,0,4,6,0,0,9,0,0,0,21,0,0,0,0,12,6,0,NA
D,AL2508_4,SHALLOW,B,Aow Leuk,08/07/2025,8,13:17,100,15,3,None,,Maia,26,65,17,0,0,0,4,6,0,0,4,0,0,0,20,0,0,0,0,21,3,0,NA
D,JA2508_1,SHALLOW,A,Japanese Gardens,08/11/2025,8,12:50,100,8,4,None,9,Caitlyn,7,66,13,0,1,0,1,6,0,0,0,0,0,0,0,0,0,2,0,12,5,0,NA
D,JA2508_1,SHALLOW,A,Japanese Gardens,08/11/2025,8,12:50,100,8,4,None,9,Louis,5,8,16,0,4,0,3,10,0,0,0,0,0,0,0,0,0,0,0,19,1,0,NA
D,JA2508_1,SHALLOW,B,Japanese Gardens,08/11/2025,8,12:50,100,8,4,None,9,Caitlyn,7,17,11,0,3,0,5,3,3,0,0,0,0,0,0,0,0,0,0,7,2,0,NA
D,JA2508_1,SHALLOW,B,Japanese Gardens,08/11/2025,8,12:50,100,8,4,None,9,Louis,8,11,11,0,2,0,3,4,1,0,0,0,0,0,0,0,0,0,0,15,0,0,NA
D,JA2508_2,SHALLOW,A,Japanese Gardens,08/11/2025,6.4,14:51,100,8,4,None,9,Hanwei,8,13,12,1,1,0,3,2,8,0,20,0,0,0,0,0,0,0,0,3,3,0,NA
D,JA2508_2,SHALLOW,A,Japanese Gardens,08/11/2025,6.4,14:51,100,8,4,None,9,Caitlyn,4,32,12,1,2,0,2,7,2,0,0,0,0,0,0,0,0,0,0,5,3,0,NA
D,JA2508_2,SHALLOW,B,Japanese Gardens,08/11/2025,6.4,14:51,100,8,4,None,9,Hanwei ,8,9,8,0,0,0,1,11,4,0,11,0,0,0,0,0,0,0,0,5,3,0,NA
D,JA2508_2,SHALLOW,B,Japanese Gardens,08/11/2025,6.4,14:51,100,8,4,None,9,Caitlyn,4,11,13,0,1,0,1,8,4,0,0,0,0,0,0,0,0,0,0,5,4,0,NA
D,JA2508_3,DEEP,A,Japanese Gardens,08/11/2025,8.2,12:45,100,8,4,None,9,Amira,23,34,22,0,6,0,1,12,0,0,17,1,0,0,1,0,0,0,0,11,2,0,NA
D,JA2508_3,DEEP,A,Japanese Gardens,08/11/2025,9.1,12:46,100,8,4,None ,9,Sophie,26,47,18,0,0,0,2,14,0,0,0,0,0,0,1,0,0,0,0,21,0,0,NA
D,JA2508_3,DEEP,B,Japanese Gardens,08/11/2025,8.9,12:54,100,8,4,None,16,Amira,14,21,11,1,2,1,2,5,1,0,11,1,0,0,0,0,0,0,0,17,2,0,NA
D,JA2508_3,DEEP,B,Japanese Gardens,08/11/2025,9.1,12:54,100,8,4,None,16,Sophie,17,42,9,0,2,1,1,7,0,0,1,1,0,0,0,0,0,0,0,19,1,0,NA
D,JA2508_4,DEEP,A,Japanese Gardens,08/11/2025,10.5,14:41,100,8,4,None,9,Amira,9,11,8,0,3,0,2,8,0,0,18,0,0,0,0,0,0,0,0,12,1,0,NA
D,JA2508_4,DEEP,A,Japanese Gardens,08/11/2025,10.5,14:41,100,8,4,None ,9,Sophie,12,7,10,0,3,0,2,9,0,0,0,1,0,0,0,0,0,0,0,11,2,0,NA
D,JA2508_4,DEEP,B,Japanese Gardens,08/11/2025,10.5,14:41,100,8,4,None,9,Amira,6,11,11,0,0,0,0,3,0,0,7,0,0,0,0,0,0,0,0,8,0,0,NA
D,JA2508_4,DEEP,B,Japanese Gardens,08/11/2025,10.5,14:41,100,8,4,None,9,Sophie,6,13,12,0,0,1,0,3,1,0,0,0,0,0,1,0,0,0,0,12,0,0,NA
U,HWN005_1,SHALLOW,A,Hin Wong N 005,08/12/2025,7.5,11:45,100,15,5,NA,1,Maddie,18,40,13,1,5,0,1,7,0,0,0,0,0,0,0,0,0,0,0,6,0,0,1
U,HWN005_1,SHALLOW,A,Hin Wong N 005,08/12/2025,7.5,11:45,100,15,5,NA,1,Maia,37,33,13,2,11,0,2,3,0,0,4,0,0,0,0,0,0,0,0,22,0,0,0
U,HWN005_1,SHALLOW,B,Hin Wong N 005,08/12/2025,7.5,11:54,100,15,5,NA,1,Maddie,25,33,10,0,4,0,1,5,4,0,0,0,0,0,0,0,0,0,0,17,0,0,0
U,HWN005_1,SHALLOW,B,Hin Wong N 005,08/12/2025,7.5,11:54,100,15,5,NA,1,Maia,26,42,8,0,12,0,0,2,3,0,2,0,0,0,0,0,0,0,0,19,0,0,0
U,HWN005_2,DEEP,A,Hin Wong N 005,08/12/2025,7.5,11:45,100,15,5,NA,1,Nico,58,15,32,2,15,0,1,1,3,0,0,1,0,0,5,0,0,0,4,22,3,2,0
U,HWN005_2,DEEP,A,Hin Wong N 005,08/12/2025,11,11:46,100,15,5,NA,1,Hanwei,67,29,14,3,4,0,2,5,0,0,0,0,0,0,1,0,0,0,0,4,0,2,0
U,HWN005_2,DEEP,B,Hin Wong N 005,08/12/2025,11,11:56,100,15,5,NA,1,Nico,0,0,0,0,0,0,0,0,0,0,0,0,0,0,0,0,0,0,0,0,0,0,0
U,HWN005_2,DEEP,B,Hin Wong N 005,08/12/2025,11,11:56,100,15,5,NA,1,Hanwei,38,24,16,3,5,0,0,4,0,0,0,0,0,0,0,0,0,0,0,6,0,0,0
U,LTS007_1,SHALLOW,A,Laem Thian S 007,08/12/2025,6.8,13:58,100,10,4,None,0,Mario,14,17,17,0,0,0,0,6,0,0,0,0,0,0,0,0,0,0,0,16,0,0,NA
U,LTS007_1,SHALLOW,A,Laem Thian S 007,08/12/2025,6.8,13:58,100,10,4,None,0,Teo,22,35,19,0,5,0,4,3,0,0,0,0,0,0,0,0,0,0,0,14,0,0,NA
U,LTS007_1,SHALLOW,B,Laem Thian S 007,08/12/2025,6.8,13:58,100,10,4,None,0,Mario,11,18,21,0,0,0,1,3,1,0,0,0,0,0,0,0,0,0,0,18,1,0,NA
U,LTS007_1,SHALLOW,B,Laem Thian S 007,08/12/2025,6.8,13:58,100,10,4,None,0,Teo,22,40,28,0,1,0,2,4,2,0,0,1,0,0,0,0,0,0,0,13,1,0,NA
U,LTS007_2,DEEP,A,Laem Thian S 007,08/12/2025,8.3,13:58,100,10,4,None,0,Iola,8,8,4,0,2,0,1,8,0,0,0,0,0,0,0,0,0,0,0,16,0,0,NA
U,LTS007_2,DEEP,A,Laem Thian S 007,08/12/2025,8.1,13:58,100,10,4,None,0,Hanwei,11,28,2,0,2,0,0,6,1,0,0,0,0,0,0,0,0,0,0,10,0,0,NA
U,LTS007_2,DEEP,B,Laem Thian S 007,08/12/2025,8.3,13:58,100,10,4,None,0,Iola,9,17,4,0,2,0,1,11,0,0,0,0,0,0,0,0,0,0,0,15,0,0,NA
U,LTS007_2,DEEP,B,Laem Thian S 007,08/12/2025,8.1,13:58,100,10,4,None,0,Hanwei,8,11,4,0,3,0,1,5,0,0,0,0,0,0,0,0,0,0,0,7,0,0,NA
D,AM2508_2,SHALLOW,A,Aow Mao,08/13/2025,7.8,9:33,100,10,4,None,7,Iola,20,34,27,0,5,0,3,4,0,0,0,1,0,0,0,0,0,0,0,8,0,0,NA
D,AM2508_2,SHALLOW,A,Aow Mao,08/13/2025,7.6,9:33,100,10,4,None,7,Hanwei,20,26,22,1,1,0,1,4,1,0,0,0,0,0,2,0,0,0,0,5,2,0,NA
D,AM2508_2,SHALLOW,B,Aow Mao,08/13/2025,7.8,9:42,100,10,4,None,7,Iola,15,29,28,1,4,0,2,2,0,0,4,0,0,0,0,0,0,0,0,9,0,0,NA
D,AM2508_2,SHALLOW,B,Aow Mao,08/13/2025,7.6,9:42,100,10,4,None,7,Hanwei,12,19,21,0,5,0,2,3,2,0,0,0,0,0,1,1,0,0,0,4,1,0,NA
D,AM2508_3,DEEP,A,Aow Mao,08/13/2025,9.4,9:38,100,10,4,None,7,Nico,21,35,17,2,4,0,1,6,3,0,11,0,0,0,1,0,0,0,0,16,0,0,NA
D,AM2508_3,DEEP,B,Aow Mao,08/13/2025,9.4,9:54,100,10,4,None,7,Nico,12,16,10,0,3,0,0,9,1,0,0,0,0,0,0,0,0,0,0,14,1,0,NA
U,LH004_1,SHALLOW,A,Lighthouse N 004,08/13/2025,7,11:50,100,12,2,None,1,Tom,24,33,20,0,2,0,2,7,2,0,0,1,0,0,0,0,0,0,0,2,0,0,NA
U,LH004_1,SHALLOW,B,Lighthouse N 004,08/13/2025,7,11:50,100,12,2,None,1,Tom,17,33,32,0,3,0,1,4,4,0,0,0,0,0,0,0,0,0,0,5,0,0,NA
U,LH004_2,DEEP,A,Lighthouse N 004,08/13/2025,10.5,11:50,100,12,2,None,1,Maddie,18,23,19,3,7,0,1,1,0,0,1,0,0,0,0,0,0,0,0,8,0,0,NA
U,LH004_2,DEEP,A,Lighthouse N 004,08/13/2025,10.5,11:50,100,12,2,None,1,Maia,12,32,14,5,8,0,1,2,0,0,1,0,0,0,4,0,0,0,0,16,1,0,NA
U,LH004_2,DEEP,B,Lighthouse N 004,08/13/2025,10.5,12:58,100,12,2,None,1,Maddie,7,43,12,3,5,0,2,3,1,0,1,0,0,0,0,0,0,0,0,13,0,0,NA
U,LH004_2,DEEP,B,Lighthouse N 004,08/13/2025,10.5,12:58,100,12,2,None,1,Maia,15,35,13,2,3,0,0,3,2,0,2,0,0,0,15,0,0,0,0,19,0,0,NA
U,GV003_1,SHALLOW,A,Grapeview 003,08/13/2025,6.2,11:47,100,10,2,None,1,Sophie,1,2,3,0,3,0,0,3,1,0,0,0,1,0,0,0,0,0,0,5,0,0,NA
U,GV003_1,SHALLOW,A,Grapeview 003,08/13/2025,6.2,11:47,100,10,2,None,1,Tom,9,23,7,0,2,0,2,5,0,0,0,0,1,0,0,0,0,0,1,6,0,0,NA
U,GV003_1,SHALLOW,A,Grapeview 003,08/13/2025,6.2,11:47,100,10,2,None,1,Caitlyn,4,36,8,0,4,0,3,1,0,0,2,0,1,0,0,0,0,0,0,3,2,0,NA
U,GV003_1,SHALLOW,B,Grapeview 003,08/13/2025,6.2,12:56,100,10,2,None,1,Sophie,5,14,11,0,6,0,2,3,0,0,0,0,1,0,1,0,0,0,0,5,0,0,NA
U,GV003_1,SHALLOW,B,Grapeview 003,08/13/2025,6.2,12:56,100,10,2,None,1,Tom,6,12,10,0,1,0,1,3,0,0,0,0,1,0,1,0,0,0,0,6,0,0,NA
U,GV003_1,SHALLOW,B,Grapeview 003,08/13/2025,6.2,12:56,100,10,2,None,1,Caitlyn,6,15,7,0,4,0,2,2,0,0,0,0,1,0,0,0,0,0,0,3,0,0,NA
U,GV003_2,DEEP,A,Grapeview 003,08/13/2025,8.2,13:53,100,11,3,None,1,Mario,7,5,4,0,0,0,2,5,0,0,5,0,0,0,40,0,0,0,0,7,0,0,NA
U,GV003_2,DEEP,A,Grapeview 003,08/13/2025,8.2,13:53,100,11,3,None,1,Teo,8,2,2,0,2,0,0,3,0,0,7,0,0,0,10,0,0,0,0,10,0,0,NA
U,GV003_2,DEEP,B,Grapeview 003,08/13/2025,8.2,13:53,100,11,3,None,1,Mario,7,6,5,0,0,0,1,4,2,3,7,0,1,0,55,0,0,0,0,20,0,0,NA
U,GV003_2,DEEP,B,Grapeview 003,08/13/2025,8.2,13:53,100,11,3,None,1,Teo,5,4,5,0,0,0,0,3,0,4,5,0,0,0,52,0,0,0,0,16,0,0,NA
U,LKS008_1,SHALLOW,A,Lang Kai S 008,08/14/2025,8.4,12:00,100,20,2,None,1,Louis,39,50,21,1,2,0,1,2,1,0,0,1,0,0,1,0,0,2,0,0,1,0,1
U,LKS008_1,SHALLOW,A,Lang Kai S 008,08/14/2025,8.4,12:00,100,20,2,None,1,Hanwei,24,54,18,1,1,0,0,1,3,0,0,0,0,0,0,0,0,1,0,0,0,0,0
U,LKS008_1,SHALLOW,B,Lang Kai S 008,08/14/2025,8.4,12:00,100,20,2,None,1,Louis,32,54,15,1,4,0,2,6,4,0,0,0,0,0,0,0,0,0,0,1,0,0,0
U,LKS008_1,SHALLOW,B,Lang Kai S 008,08/14/2025,8.4,12:00,100,20,2,None,1,Hanwei,25,57,25,0,3,0,2,5,5,0,0,0,0,0,0,0,0,0,0,1,3,0,0
U,LKS008_2,DEEP,A,Lang Kai S 008,08/14/2025,11,12:00,100,17,2,None,1,Maddie,20,53,9,0,0,3,0,0,1,1,0,0,0,0,0,0,0,0,0,9,6,0,0
U,LKS008_2,DEEP,A,Lang Kai S 008,08/14/2025,11,12:00,100,17,2,None,1,Maia,5,49,11,0,5,3,0,0,1,0,0,0,0,0,0,0,0,0,0,15,7,0,0
U,LKS008_2,DEEP,B,Lang Kai S 008,08/14/2025,11,12:07,100,17,2,None,1,Maddie,12,72,10,5,0,0,4,2,3,2,1,0,0,0,0,0,0,0,0,13,1,0,0
U,LKS008_2,DEEP,B,Lang Kai S 008,08/14/2025,11,12:07,100,17,2,None,1,Maia,15,56,8,2,4,0,2,4,3,0,1,0,0,0,0,0,0,0,0,16,4,0,0
U,BDR010_1,SHALLOW,A,Buddha Rock S 010,08/14/2025,7.7,14:22,100,10,2,None,1,Louis,56,41,18,1,4,0,1,1,0,0,0,0,0,0,2,0,0,4,1,2,11,0,0
U,BDR010_1,SHALLOW,A,Buddha Rock S 010,08/14/2025,7.7,14:22,100,10,2,None,1,Hanwei,39,56,15,1,4,0,1,3,0,0,0,0,1,0,0,0,0,5,0,11,16,0,0
U,BDR010_1,SHALLOW,B,Buddha Rock S 010,08/14/2025,7.7,14:22,100,10,2,None,1,Louis,38,41,20,2,5,0,1,1,1,0,0,0,0,0,0,0,0,3,0,4,17,0,0
U,BDR010_1,SHALLOW,B,Buddha Rock S 010,08/14/2025,7.7,14:22,100,10,2,None,1,Hanwei,56,45,15,3,1,0,2,0,1,0,0,0,0,0,1,0,0,6,0,2,17,0,0
U,BDR010_2,DEEP,A,Buddha Rock S 010,08/14/2025,10.4,14:22,100,10,2,None,1,Teo,24,123,8,0,4,0,5,4,0,0,0,1,0,0,0,0,0,5,2,6,7,0,0
U,BDR010_2,DEEP,A,Buddha Rock S 010,08/14/2025,10.4,14:22,100,10,2,None,1,Caitlyn,35,129,14,1,4,0,1,4,0,0,0,0,0,0,4,0,0,10,4,3,15,0,0
U,BDR010_2,DEEP,B,Buddha Rock S 010,08/14/2025,10.4,14:22,100,10,2,None,1,Teo,22,62,14,2,3,0,1,4,0,0,0,0,0,0,0,0,0,10,1,3,6,0,0
U,BDR010_2,DEEP,B,Buddha Rock S 010,08/14/2025,10.4,14:22,100,10,2,None,1,Caitlyn,45,59,10,2,1,0,0,5,0,0,0,0,0,0,0,0,0,15,0,1,9,0,0
U,SNY001_1,SHALLOW,A,Nang Yuan S 001,08/18/2025,6.7,11:30,100,6,2,Light,0,Amira,57,18,14,0,7,0,2,4,2,0,9,0,1,0,6,0,0,1,0,19,0,0,0
U,SNY001_1,SHALLOW,A,Nang Yuan S 001,08/18/2025,7.2,11:30,100,25,2,None,0,Maddie,27,19,12,0,2,0,6,9,0,0,0,0,0,0,0,0,0,0,7,6,2,0,0
U,SNY001_1,SHALLOW,B,Nang Yuan S 001,08/18/2025,6.7,11:30,100,6,2,Light,0,Amira,42,7,13,0,4,0,2,7,0,0,3,0,0,0,0,0,0,0,0,11,0,0,0
U,SNY001_1,SHALLOW,B,Nang Yuan S 001,08/18/2025,7.2,11:30,100,25,2,None,0,Maddie,6,3,12,0,3,0,2,4,0,0,0,0,0,0,0,0,0,3,2,3,1,0,0
U,SNY001_2,DEEP,A,Nang Yuan S 001,08/18/2025,8.7,11:30,100,18,2,None,1,Louis,9,12,14,0,1,0,2,8,0,0,0,1,0,0,0,0,0,0,4,1,0,0,0
U,SNY001_2,DEEP,A,Nang Yuan S 001,08/18/2025,8.7,11:30,100,19,2,None,1,Arthur,6,9,16,0,4,0,0,6,0,0,0,0,0,0,0,0,0,1,2,1,0,0,0
U,SNY001_2,DEEP,B,Nang Yuan S 001,08/18/2025,8.7,11:30,100,18,2,None,1,Louis,5,1,19,0,1,0,1,7,0,0,0,0,0,0,0,0,0,1,3,5,0,0,0
U,SNY001_2,DEEP,B,Nang Yuan S 001,08/18/2025,8.7,11:30,100,19,2,None,1,Arthur,7,4,13,0,3,0,0,5,0,0,0,0,0,0,0,0,0,0,1,5,0,0,0
U,NSN012_1,SHALLOW,A,N Sai Nuan 012,08/18/2025,6.7,13:59,100,6,2,Light,0,Amira,57,18,14,0,7,0,2,4,2,0,9,0,1,0,6,0,0,1,0,19,0,0,0
U,NSN012_1,SHALLOW,A,N Sai Nuan 012,08/18/2025,6.7,13:59,100,6,2,Light,0,Maia,4,9,12,0,5,0,0,3,5,0,0,0,0,0,0,0,0,0,0,21,0,0,0
U,NSN012_1,SHALLOW,B,N Sai Nuan 012,08/18/2025,6.7,14:09,100,6,2,Light,0,Amira,42,7,13,0,4,0,2,7,0,0,3,0,0,0,0,0,0,0,0,11,0,0,0
U,NSN012_1,SHALLOW,B,N Sai Nuan 012,08/18/2025,6.7,14:09,100,6,2,Light,0,Maia,21,5,11,0,2,0,4,1,2,0,0,0,0,0,0,0,0,0,0,20,0,0,0
U,NSN012_2,DEEP,A,N Sai Nuan 012,08/18/2025,9,14:00,100,6,2,Light,1,Louis,1,8,0,0,0,0,0,0,0,0,0,0,0,0,0,0,0,1,0,0,0,0,0
U,NSN012_2,DEEP,B,N Sai Nuan 012,08/18/2025,9,14:00,100,6,2,Light,1,Louis,0,4,0,0,0,0,0,2,0,0,0,0,0,0,0,0,0,0,0,0,0,0,0
U,GV003_3,SHALLOW,A,Grapeview 003,08/19/2025,8,12:11,100,10,3,Light,1,Iola,21,14,13,1,2,0,1,3,5,0,0,0,0,0,0,0,0,1,0,9,0,0,0
U,GV003_3,SHALLOW,A,Grapeview 003,08/19/2025,8,12:11,100,10,3,Light,1,Mario,25,10,12,1,2,0,1,5,4,0,0,0,0,0,0,0,0,0,0,11,0,0,0
U,GV003_3,SHALLOW,B,Grapeview 003,08/19/2025,8,12:18,100,10,3,Light,1,Iola,35,32,12,1,3,0,6,10,4,0,0,0,0,0,1,0,0,0,0,8,0,0,0
U,GV003_3,SHALLOW,B,Grapeview 003,08/19/2025,8,12:18,100,10,3,Light,1,Mario,37,35,13,1,2,0,4,6,7,0,0,0,0,0,1,0,0,0,0,10,0,0,0
U,GV003_4,DEEP,A,Grapeview 003,08/19/2025,14,12:10,100,8,3,Light,1,Louis,13,2,2,0,3,0,0,2,1,0,0,1,0,0,1,0,0,0,2,0,0,0,0
U,GV003_4,DEEP,B,Grapeview 003,08/19/2025,14,12:18,100,8,3,Light,1,Louis,15,13,0,0,1,0,0,5,1,1,0,0,0,0,1,0,0,1,0,1,2,0,0
U,BDR010_3,SHALLOW,A,Buddha Rock S 010,08/19/2025,7.5,14:10,100,10,3,Light,1,Teo,17,25,11,2,10,0,2,4,0,0,0,0,0,0,0,1,0,0,1,12,1,0,0
U,BDR010_3,SHALLOW,A,Buddha Rock S 010,08/19/2025,7.5,14:10,100,10,3,Light,1,Tom,19,26,8,2,6,0,5,3,1,0,0,0,0,0,1,1,0,1,1,11,0,0,0
U,BDR010_3,SHALLOW,B,Buddha Rock S 010,08/19/2025,7.5,14:10,100,10,3,Light,1,Teo,10,23,7,0,2,0,5,1,0,0,0,0,0,0,0,1,1,0,1,7,1,0,0
U,BDR010_3,SHALLOW,B,Buddha Rock S 010,08/19/2025,7.5,14:10,100,10,3,Light,1,Tom,15,25,7,0,3,0,4,2,0,0,0,0,0,0,0,0,1,0,1,6,0,0,0
U,BDR010_4,DEEP,A,Buddha Rock S 010,08/19/2025,11.6,14:12,100,10,3,Light,1,Sophie,14,12,2,0,9,0,2,1,0,0,0,0,0,0,2,0,0,2,0,10,0,0,0
U,BDR010_4,DEEP,B,Buddha Rock S 010,08/19/2025,11.6,14:22,100,10,3,Light,1,Sophie,1,10,1,1,0,0,1,3,0,0,0,0,0,0,0,0,0,0,0,6,0,0,0
U,BDR010_4,DEEP,A,Buddha Rock S 010,08/19/2025,11.6,14:12,100,10,3,Light,1,Caitlyn,16,12,9,0,3,0,2,2,0,0,0,0,0,0,0,0,0,1,2,1,10,0,0
U,BDR010_4,DEEP,B,Buddha Rock S 010,08/19/2025,11.6,14:22,100,10,3,Light,1,Caitlyn,1,18,5,1,3,0,6,3,0,0,0,0,0,0,0,0,0,0,1,4,4,0,0
U,SNY001_3,SHALLOW,A,S Nangyuan 001,08/20/2025,6.1,11:44,100,18,2,None,0,Iola,38,0,9,0,2,0,4,2,0,0,0,2,0,0,0,0,0,0,1,11,0,0,0
U,SNY001_3,SHALLOW,A,S Nangyuan 001,08/20/2025,6.1,11.44,100,18,2,None,0,Teo,30,0,6,0,2,0,1,3,0,0,0,1,0,0,0,0,0,2,1,20,2,0,0
U,SNY001_3,SHALLOW,B,S Nangyuan 001,08/20/2025,6.1,11.52,100,18,2,None,0,Iola,39,7,10,0,2,0,10,4,0,0,0,3,0,0,0,0,0,1,1,9,0,0,0
U,SNY001_3,SHALLOW,B,S Nangyuan 001,08/20/2025,6.1,11.52,100,18,2,None,0,Teo,29,2,8,0,3,0,6,4,0,0,0,3,0,0,0,0,0,1,2,15,0,0,0
U,SNY001_4,DEEP,A,S Nangyuan 001,08/20/2025,8.8,11:42,100,18,2,None,0,Hannah,10,11,10,0,1,0,1,2,0,0,0,2,0,0,0,0,0,0,0,5,1,0,0
U,SNY001_4,DEEP,B,S Nangyuan 001,08/20/2025,8.8,11:42,100,18,2,None,0,Hannah,18,10,15,0,1,0,1,3,0,0,0,2,0,0,0,0,0,0,0,5,0,0,0
U,SNY001_4,DEEP,A,S Nangyuan 001,08/20/2025,8.8,11:53,100,18,2,None,0,Maddie,2,0,6,0,0,0,0,1,0,0,0,2,0,0,0,0,0,0,0,7,0,0,0
U,SNY001_4,DEEP,B,S Nangyuan 001,08/20/2025,8.8,11:53,100,18,2,None,0,Maddie,4,0,7,0,0,0,0,2,0,0,0,4,0,0,0,0,0,0,0,7,0,0,0
U,LH004_3,SHALLOW,A,Lighthouse N 004,08/20/2025,6,13:39,100,5,2,Light,0,Tom,35,35,15,1,4,0,2,1,0,0,0,0,0,0,0,0,0,1,0,3,0,100,0
U,LH004_3,SHALLOW,A,Lighthouse N 004,08/20/2025,6,13:39,100,5,2,Light,0,Mario,25,21,20,1,7,0,2,1,1,0,0,0,0,0,0,0,0,0,0,9,0,100,0
U,LH004_3,SHALLOW,B,Lighthouse N 004,08/20/2025,6,13:49,100,5,2,Light,0,Tom,27,34,12,1,3,0,1,0,1,0,0,0,0,0,0,0,0,0,0,3,0,420,0
U,LH004_3,SHALLOW,B,Lighthouse N 004,08/20/2025,6,13:49,100,5,2,Light,0,Mario,28,36,13,0,4,0,0,2,2,0,0,0,0,0,0,0,0,0,0,8,0,300,0
U,LH004_4,DEEP,A,Lighthouse N 004,08/20/2025,10.1,13:44,100,5,2,Light,0,Maia,6,21,13,0,13,0,1,1,0,0,0,0,0,0,9,0,0,0,0,13,0,0,0
U,LH004_4,DEEP,A,Lighthouse N 004,08/20/2025,10.1,13:44,100,5,2,Light,0,Amira,16,24,6,2,9,0,1,1,0,0,11,0,0,0,1,0,0,0,0,8,0,0,0
U,LH004_4,DEEP,B,Lighthouse N 004,08/20/2025,10.1,13:44,100,5,2,Light,0,Maia,5,10,10,0,10,0,1,2,0,0,0,1,0,0,8,0,0,0,0,11,2,0,0
U,LH004_4,DEEP,B,Lighthouse N 004,08/20/2025,10.1,13:44,100,5,2,Light,0,Amira,11,9,14,0,3,0,0,1,0,0,11,0,0,0,0,0,0,0,0,5,0,0,0
U,HWN005_3,SHALLOW,A,Hin Wong N 005,08/21/2025,7,11:36,100,17,4,None,0,Maddie,39,49,19,0,9,0,3,1,1,0,0,0,0,0,0,0,0,0,0,18,0,0,0
U,HWN005_3,SHALLOW,B,Hin Wong N 005,08/21/2025,7,11:36,100,17,4,None,0,Maddie,34,49,19,0,11,0,6,11,0,0,0,0,0,0,0,0,0,1,0,12,0,0,0
U,HWN005_3,SHALLOW,A,Hin Wong N 005,08/21/2025,7,11:46,100,17,4,None,0,Hannah,29,34,10,2,5,0,1,3,0,1,4,0,0,0,0,0,0,0,0,15,0,0,0
U,HWN005_3,SHALLOW,B,Hin Wong N 005,08/21/2025,7,11:46,100,17,4,None,0,Hannah,35,37,8,0,5,0,2,6,0,0,1,0,0,0,0,0,0,0,0,11,0,0,0
U,HWN005_4,DEEP,A,Hin Wong N 005,08/21/2025,10.2,11:43,100,8,4,None,1,Sophie,14,20,10,2,9,0,2,7,0,0,0,1,0,0,1,0,0,1,0,9,1,0,0
U,HWN005_4,DEEP,B,Hin Wong N 005,08/21/2025,10.2,11:54,100,8,4,None,1,Sophie,13,23,11,4,7,0,1,3,0,0,0,0,0,0,1,0,0,0,1,9,0,0,0
U,LKS008_3,SHALLOW,A,Lang Kai S 008,08/21/2025,8.2,13:34,100,9,2,None,1,Amira,22,19,24,2,2,0,1,3,0,0,3,0,0,0,0,0,0,0,0,6,0,0,0
U,LKS008_3,SHALLOW,A,Lang Kai S 008,08/21/2025,8.2,13:34,100,9,2,None,1,Maia,7,22,19,1,4,0,0,3,0,0,0,0,0,0,0,0,0,0,0,11,0,0,0
U,LKS008_3,SHALLOW,B,Lang Kai S 008,08/21/2025,8.2,13:43,100,9,2,None,1,Amira,27,26,14,2,4,0,0,4,0,0,2,0,0,0,0,0,0,0,0,3,0,0,0
U,LKS008_3,SHALLOW,B,Lang Kai S 008,08/21/2025,8.2,13:43,100,9,2,None,1,Maia,20,29,14,0,6,0,0,0,1,0,0,0,0,0,0,0,0,0,0,8,0,2,0
U,LKS008_4,DEEP,A,Lang Kai S 008,08/21/2025,10,13:30,100,8,4,None,1,Louis,55,24,23,0,6,0,1,3,1,0,0,0,0,0,0,0,0,1,0,9,2,0,0
U,LKS008_4,DEEP,A,Lang Kai S 008,08/21/2025,10,13:30,100,8,4,None,1,Nico,34,25,26,0,5,0,1,7,1,0,0,0,0,0,1,0,0,0,1,8,1,0,0
U,LKS008_4,DEEP,B,Lang Kai S 008,08/21/2025,10,13:30,100,8,4,None,1,Louis,14,31,22,0,1,0,1,1,0,0,0,0,0,0,1,0,0,0,0,11,4,0,0
U,LKS008_4,DEEP,B,Lang Kai S 008,08/21/2025,10,13:30,100,8,4,None,1,Nico,24,28,19,0,2,0,3,4,0,0,2,0,0,0,0,0,0,3,0,12,3,0,0
U,GV003_3,SHALLOW,A,Grapeview,08/22/2025,7.7,11:43,100,16,4,None,0,Maddie,9,5,10,0,1,0,2,4,2,3,0,0,0,0,0,0,0,0,0,6,0,0,0
U,GV003_3,SHALLOW,A,Grapeview,08/22/2025,7.7,11:43,100,16,4,None,0,Hannah,11,8,11,0,7,0,2,3,1,0,0,0,0,0,40,0,0,0,1,13,0,0,0
U,GV003_3,SHALLOW,B,Grapeview,08/22/2025,7.7,11:49,100,16,4,None,0,Maddie,9,9,11,0,3,0,2,7,1,3,20,0,0,0,0,0,0,0,0,11,0,0,0
U,GV003_3,SHALLOW,B,Grapeview,08/22/2025,7.7,11:43,100,16,4,None,0,Hannah,4,4,19,0,6,0,3,6,0,1,0,0,0,0,30,0,0,0,1,9,0,0,0
U,GV003_4,DEEP,A,Grapeview 003,08/22/2025,9,11:45,100,15,4,None,1,Mario,4,0,2,0,0,0,2,3,2,1,0,0,0,0,0,0,0,0,0,16,0,0,0
U,GV003_4,DEEP,A,Grapeview 003,08/22/2025,9,11:45,100,15,4,None,1,Teo,5,0,3,0,4,0,4,2,3,4,0,0,0,0,0,0,0,0,0,15,0,0,0
U,GV003_4,DEEP,B,Grapeview 003,08/22/2025,9,11:45,100,15,4,None,1,Mario,2,0,5,0,2,0,3,4,0,3,0,0,0,0,0,0,0,0,0,19,0,0,0
U,GV003_4,DEEP,B,Grapeview 003,08/22/2025,9,11:45,100,15,4,None,1,Teo,4,0,7,0,5,0,4,4,0,7,0,0,0,0,0,0,0,0,0,17,0,0,0
U,NSN012_3,SHALLOW,A,N Sai Nuan 0012,08/22/2025,7.1,13:39,100,10,3,None,1,Iola,29,7,21,0,3,0,1,4,2,0,0,0,0,0,0,0,0,0,0,8,0,0,0
U,NSN012_3,SHALLOW,B,N Sai Nuan 0012,08/22/2025,7.1,13:39,100,10,3,None,1,Iola,27,9,23,0,2,0,4,3,4,0,3,0,0,0,0,0,0,0,0,7,0,0,0
U,NSN012_4,DEEP,A,N Sai Nuan 0012,08/22/2025,8.75,13:46,100,9,3,None,1,Maia,0,0,0,0,0,0,0,0,0,0,0,0,0,0,0,0,0,0,0,0,0,0,0
U,NSN012_4,DEEP,A,N Sai Nuan 0012,08/22/2025,8.75,13:46,100,9,3,None,1,Maddie,0,0,0,0,0,0,0,0,0,0,0,0,0,0,0,0,0,0,0,0,0,0,0
U,NSN012_4,DEEP,B,N Sai Nuan 0012,08/22/2025,8.75,13:53,100,9,3,None,1,Maia,0,0,0,0,0,0,0,0,0,0,0,0,0,0,0,0,0,0,0,0,0,0,0
U,NSN012_4,DEEP,B,N Sai Nuan 0012,08/22/2025,8.75,13:53,100,9,3,None,1,Maddie,0,0,0,0,0,0,0,0,0,0,0,0,0,0,0,0,0,0,0,0,0,0,0
U,HWN005_5,SHALLOW,A,Hin Wong N 005,08/25/2025,7.4,11:57,100,13,2,None,0,Maddie,17,23,8,0,5,0,1,2,1,0,0,0,0,0,0,0,0,1,0,8,0,0,0
U,HWN005_5,SHALLOW,A,Hin Wong N 005,08/25/2025,7.4,11:57,100,13,2,None,,Hannah,38,35,11,0,9,0,1,5,0,0,0,0,0,0,0,0,0,1,0,12,0,0,0
U,HWN005_5,SHALLOW,B,Hin Wong N 005,08/25/2025,7.4,12:04,100,13,2,None,0,Maddie,28,30,11,0,1,0,2,6,1,0,0,0,0,0,0,0,0,0,0,10,0,0,0
U,HWN005_5,SHALLOW,B,Hin Wong N 005,08/25/2025,7.4,12:04,100,13,2,None,0,Hannah,30,25,10,0,5,0,3,4,1,0,1,0,0,0,0,0,0,0,0,7,0,0,0
U,HWN005_6,DEEP,A,Hin Wong N 005,08/25/2025,10.1,11:56,100,13,2,None,0,Amira,16,14,8,0,6,0,2,9,0,0,3,0,0,0,0,0,0,0,0,11,0,0,0
U,HWN005_6,DEEP,B,Hin Wong N 005,08/25/2025,10.1,12:05,100,13,2,None,0,Amira,14,12,9,0,4,0,0,8,0,0,1,0,0,0,0,0,0,0,0,4,0,0,0
U,LKS008_5,SHALLOW,A,Lang Kai S 008,08/25/2025,7.2,14:00,100,10,2,None,0,Maddie,25,37,15,1,7,0,1,1,1,1,2,0,1,0,0,0,0,0,0,8,1,0,0
U,LKS008_5,SHALLOW,A,Lang Kai S 008,08/25/2025,7.2,14:00,100,10,2,None,0,Iola,21,42,35,1,5,0,1,2,2,0,5,0,2,1,0,0,0,0,0,8,0,0,0
U,LKS008_5,SHALLOW,B,Lang Kai S 008,08/25/2025,7.2,14:00,100,10,2,None,0,Maddie,27,37,17,1,11,0,1,3,2,0,2,0,0,0,0,0,0,0,0,11,0,0,0
U,LKS008_5,SHALLOW,B,Lang Kai S 008,08/25/2025,7.2,14:00,100,10,2,None,0,Iola,20,52,31,1,3,0,0,1,1,0,12,1,0,0,0,0,0,1,0,9,0,0,0
U,LKS008_6,DEEP,A,Lang Kai S 008,08/25/2025,10.1,14:07,100,10,3,None,1,Cassidy,21,32,14,2,6,0,1,1,1,1,6,1,0,0,0,1,0,1,0,11,2,0,0
U,LKS008_6,DEEP,A,Lang Kai S 008,08/25/2025,10.1,14:07,100,10,3,None,1,Hannah,39,27,11,1,6,0,1,4,5,0,2,0,0,0,0,0,0,1,0,22,5,0,0
U,LKS008_6,DEEP,B,Lang Kai S 008,08/25/2025,10,14:14,100,10,3,None,1,Cassidy,21,31,17,2,4,0,0,5,1,0,0,0,0,0,0,0,0,0,0,8,0,0,0
U,LKS008_6,DEEP,B,Lang Kai S 008,08/25/2025,10,14:14,100,10,3,None,1,Hannah,21,30,11,3,6,0,5,2,1,0,0,0,0,0,0,0,0,0,0,11,0,0,0
U,LH004_5,SHALLOW,A,Lighthouse N 004,08/27/2025,6.5,13:27,100,15,2,None,0,Maddie,21,18,13,1,10,0,0,2,0,0,0,0,0,0,0,0,0,0,0,5,0,0,0
U,LH004_5,SHALLOW,B,Lighthouse N 004,08/27/2025,6.5,13:39,100,15,2,None,0,Maddie,26,39,10,0,0,0,2,2,1,0,0,0,0,0,0,0,0,1,0,6,1,0,0
U,LH004_6,DEEP,A,Lighthouse N 004,08/27/2025,9.8,13:30,100,9,2,None,1,Sophie,17,21,14,2,14,0,2,0,0,0,0,0,0,0,0,0,0,0,1,16,0,0,0
U,LH004_6,DEEP,A,Lighthouse N 004,08/27/2025,9.8,13:30,100,9,2,None,1,Maia,18,15,7,2,9,0,1,1,0,0,0,0,0,0,0,0,0,1,0,18,1,0,0
U,LH004_6,DEEP,B,Lighthouse N 004,08/27/2025,9.8,13:39,100,9,2,None,1,Sophie,16,23,16,0,12,0,2,1,0,0,0,0,0,0,0,0,0,0,1,15,1,0,0
U,LH004_6,DEEP,B,Lighthouse N 004,08/27/2025,9.8,13:39,100,9,2,None,1,Maia,15,15,15,0,7,0,0,3,0,0,0,0,0,0,0,0,0,0,0,11,1,0,0
U,SNY001_5,SHALLOW,A,S Nangyuan 001 ,08/27/2025,7,11:42,100,12,3,None,1,Louis,17,4,5,0,1,0,3,3,0,0,0,1,0,0,0,0,0,0,2,10,1,0,0
U,SNY001_5,SHALLOW,B,S Nangyuan 001 ,08/27/2025,7,11:42,100,12,3,None,1,Louis,14,2,6,0,2,2,3,0,0,0,0,0,0,0,0,0,0,0,0,1,5,0,0
U,SNY001_6,DEEP,A,S Nangyuan 001 ,08/27/2025,10.2,11:42,100,12,3,N/A,0,Amira,14,0,16,0,2,0,0,2,0,0,0,1,0,0,0,0,0,0,0,4,0,0,0
U,SNY001_6,DEEP,A,S Nangyuan 001 ,08/27/2025,10.2,11:42,100,12,3,N/A,0,Nico,11,3,15,0,5,0,0,3,0,0,0,0,0,0,0,0,0,0,1,9,0,0,0
U,SNY001_6,DEEP,B,S Nangyuan 001 ,08/27/2025,10.2,11:42,100,12,3,N/A,0,Amira,8,0,12,0,2,0,0,0,0,0,0,0,0,0,0,0,0,0,0,2,0,0,0
U,SNY001_6,DEEP,B,S Nangyuan 001 ,08/27/2025,10.2,11:42,100,12,3,N/A,0,Nico,8,10,15,0,6,0,0,2,0,0,0,0,0,0,0,0,0,0,2,8,1,0,0
U,NSN012_5,SHALLOW,A,N Sai Nuan 012,08/28/2025,7.1,11:07,100,10,3,None,1,Cassidy,44,54,15,0,7,0,4,3,5,0,25,0,0,0,0,0,0,0,0,13,0,0,0
U,NSN012_5,SHALLOW,B,N Sai Nuan 012,08/28/2025,7.1,11:15,100,10,3,None,1,Cassidy,39,43,12,0,5,0,3,6,2,0,25,0,1,0,0,0,0,0,0,12,0,0,0
U,NSN012_6,DEEP,A,N Sai Nuan 012,08/28/2025,7.1,11:07,100,10,3,None,1,Hannah ,0,0,2,0,0,0,0,0,0,0,0,0,0,0,0,0,0,0,0,2,0,0,0
U,NSN012_6,DEEP,B,N Sai Nuan 012,08/28/2025,10,11:22,100,10,3,None,1,Hannah ,0,0,2,0,0,0,0,0,0,0,0,0,0,0,0,0,0,0,1,3,0,0,0
U,BDR010_5,SHALLOW,A,Buddha Wall 010,08/28/2025,7.3,13:10,100,15,2,None,0,Maddie,23,38,11,1,3,0,1,2,1,1,0,0,0,0,0,2,0,3,1,15,6,0,0
U,BDR010_5,SHALLOW,A,Buddha Wall 010,08/28/2025,7.3,13:10,100,15,2,None,0,Tom,14,21,12,1,3,1,2,3,1,1,0,0,0,0,6,0,0,2,2,19,4,0,0
U,BDR010_5,SHALLOW,B,Buddha Wall 010,08/28/2025,7.3,13:10,100,15,2,None,0,Maddie,27,52,18,0,3,0,1,1,0,3,0,0,0,1,0,1,1,3,0,13,4,0,0
U,BDR010_5,SHALLOW,B,Buddha Wall 010,08/28/2025,7.3,13:10,100,15,2,None,0,Tom,20,35,16,0,2,0,3,1,1,0,0,0,0,1,0,0,1,6,0,16,6,0,0
U,BDR010_6,DEEP,A,Buddha Wall 010,08/28/2025,10,13:10,100,15,2,None,0,Nico,30,13,17,0,5,2,3,7,8,0,0,2,0,0,7,3,0,6,11,35,17,0,0
U,BDR010_6,DEEP,B,Buddha Wall 010,08/28/2025,10,13:10,100,15,2,None,0,Nico,47,17,13,0,15,0,5,8,9,0,0,0,0,0,8,2,0,9,7,40,8,0,0
D,TB2510_2,SHALLOW,A,Tanote,09/302025,7.5,15,100,15,2,None,12,Agathe,6,28,28,2,1,0,0,3,0,0,2,0,0,0,0,0,0,0,0,6,2,0,0
D,TB2510_2,SHALLOW,A,Tanote,09/30/2025,7.4,15,100,15,2,None,12,Allie,14,24,24,2,4,0,1,3,0,0,2,0,0,0,1,0,0,0,0,4,6,0,0
D,TB2510_2,SHALLOW,B,Tanote,09/302025,7.5,15:10,100,15,2,None,12,Agathe,9,21,29,1,0,0,0,1,0,0,1,0,0,1,0,0,0,0,0,6,1,0,0
D,TB2510_2,SHALLOW,B,Tanote,09/30/2025,7.4,15:10,100,15,2,None,12,Allie,11,17,21,1,0,0,0,0,0,0,0,0,0,0,0,0,0,0,0,5,2,0,0
D,TB2510_3,DEEP,A,Tanote,09/30/2025,10,15:26,100,15,3,None,12,SK,14,13,21,1,1,0,1,2,1,0,0,0,0,0,0,0,0,0,0,7,2,1,0
D,TB2510_3,DEEP,A,Tanote,09/30/2025,10,15:26,100,15,3,None,12,Mathys,13,14,10,0,0,0,2,4,1,0,0,0,0,0,0,0,0,1,0,6,1,0,0
D,TB2510_3,DEEP,B,Tanote,09/30/2025,10,15:36,100,15,3,None,12,SK,18,10,15,0,3,0,0,3,0,0,0,0,0,0,0,0,0,0,0,3,2,0,0
D,TB2510_3,DEEP,B,Tanote,09/30/2025,10,15:36,100,15,3,None,12,Mathys,15,6,12,0,2,1,0,2,1,0,0,0,0,0,0,0,0,0,0,6,1,0,0
D,MB2510_2,SHALLOW,A,Mango Bay,10/02/2025,7.8,13:42,100,19,1,None,14,Jake,11,113,22,0,5,0,0,8,0,0,0,0,0,0,0,0,0,0,0,3,3,0,0
D,MB2510_2,SHALLOW,A,Mango Bay,10/02/2025,7.8,13:42,100,19,1,None,14,Thomas,11,110,19,0,2,0,1,7,2,0,0,0,0,0,0,0,0,0,0,10,1,0,0
D,MB2510_2,SHALLOW,B,Mango Bay,10/02/2025,7.8,13:50,100,19,1,None,14,Jake,11,54,0,0,4,0,2,1,6,0,0,0,0,0,0,0,0,0,0,2,3,0,0
D,MB2510_2,SHALLOW,B,Mango Bay,10/02/2025,7.8,13:50,100,19,1,None,14,Thomas,13,53,16,0,1,0,0,5,4,0,0,1,0,0,0,0,0,2,1,9,2,0,0
D,MB2510_3,DEEP,A,Mango Bay,10/02/2025,10,13:40,100,19,1,None,14,Tilda,9,72,8,0,3,0,3,5,1,0,0,0,0,0,0,0,0,1,0,2,9,0,0
D,MB2510_3,DEEP,A,Mango Bay,10/02/2025,10,13:40,100,19,1,None,14,Ruby,10,69,7,0,2,0,1,8,4,0,0,0,0,0,0,0,0,1,1,16,3,0,0
D,MB2510_3,DEEP,B,Mango Bay,10/02/2025,10,13:40,100,19,1,None,14,Tilda,14,79,13,0,1,0,0,2,4,0,0,1,0,0,0,0,0,3,0,0,8,0,0
D,MB2510_3,DEEP,B,Mango Bay,10/02/2025,10,13:40,100,19,1,None,14,Ruby,22,94,14,0,0,0,1,1,5,0,0,0,0,0,0,0,0,4,1,3,7,0,0
D,MB2510_4,SHALLOW,A,Mango Bay,10/02/2025,6,13.41,100,15,2,none,14,Simone,22,40,10,0,0,0,2,5,9,1,0,0,0,0,0,0,0,3,0,23,1,0,0
D,MB2510_4,SHALLOW,A,Mango Bay,10/02/2025,5.7,13:41,100,15,2,none,14,SK,25,35,4,0,3,0,1,2,5,1,1,0,0,0,0,0,0,4,0,3,1,0,0
D,MB2510_4,SHALLOW,B,Mango Bay,10/02/2025,6,13.41,100,15,2,none,14,Simone,17,33,10,0,2,0,0,4,7,0,0,0,0,0,0,0,0,0,0,27,2,0,0
D,MB2510_4,SHALLOW,B,Mango Bay,10/02/2025,5.7,13:41,100,15,2,none,14,SK,23,34,9,0,6,0,1,3,5,0,0,0,0,0,0,0,0,1,0,1,2,0,0
D,LB2510_1,SHALLOW,A,Lighthouse,10/02/2025,8,15:30,100,15,1,None,0,Tilda,10,36,15,1,2,0,0,5,1,0,4,1,0,0,0,0,0,0,1,2,2,0,0
D,LB2510_1,SHALLOW,A,Lighthouse,10/02/2025,8,15:30,100,15,1,None,0,Ruby,10,23,23,2,1,0,0,2,1,1,10,0,0,0,0,0,0,0,5,2,0,0,0
D,LB2510_1,SHALLOW,B,Lighthouse,10/02/2025,8,15:30,100,15,1,None,0,Tilda,7,17,11,0,1,0,1,6,2,0,6,0,0,0,0,0,0,0,0,4,0,0,0
D,LB2510_1,SHALLOW,B,Lighthouse,10/02/2025,8,15:30,100,15,1,None,0,Ruby,4,16,10,0,0,0,1,1,1,0,5,0,0,0,0,0,0,0,3,0,0,0,0
D,LB2510_2,DEEP,A,Lighthouse,10/02/2025,8.5,15:36,100,10,1,None,0,Jake,8,33,22,1,4,0,1,7,1,0,7,0,0,0,0,0,0,0,0,24,3,0,0
D,LB2510_2,DEEP,A,Lighthouse,10/02/2025,8.5,15:36,100,10,1,None,0,Thomas,7,42,20,1,3,0,0,5,1,2,5,0,0,0,0,0,0,0,0,13,5,0,0
D,LB2510_2,DEEP,B,Lighthouse,10/02/2025,8.5,15:44,100,10,1,None,0,Jake,13,27,21,0,6,0,2,6,4,0,17,0,0,0,0,0,0,0,0,22,2,0,0
D,LB2510_2,DEEP,B,Lighthouse,10/02/2025,8.5,15:44,100,10,1,None,0,Thomas,5,38,11,0,3,0,2,4,1,0,5,0,0,0,0,0,0,0,0,9,5,0,0
D,LB2510_3,SHALLOW,A,Lighthouse,10/02/2025,7.3,15:30,100,6,2,none,0,Simone,19,25,19,0,0,0,3,5,2,0,1,0,0,0,0,0,0,0,0,9,2,0,0
D,LB2510_3,SHALLOW,A,Lighthouse,10/02/2025,7.2,15:30,100,6,2,none,0,SK,15,18,11,0,0,0,2,6,0,0,0,0,0,0,0,0,0,0,0,12,2,0,0
D,LB2510_3,SHALLOW,B,Lighthouse,10/02/2025,7.2,15:30,100,6,2,none,0,Simone,13,16,15,0,0,0,1,5,0,0,0,0,0,0,0,0,0,0,0,8,1,0,0
D,LB2510_3,SHALLOW,B,Lighthouse,10/02/2025,7.2,15:30,100,6,2,none,0,SK,12,14,9,0,0,0,1,4,0,0,0,0,1,0,0,0,0,0,0,6,3,0,0
D,LB2510_4,DEEP,A,Lighthouse,10/02/2025,10,15:30,100,6,2,None,0,Lily,9,5,3,0,0,0,0,2,0,0,0,0,0,0,0,0,0,0,1,14,1,0,0
D,LB2510_4,DEEP,A,Lighthouse,10/02/2025,10,15:30,100,6,2,None,0,Marianna,11,5,3,0,0,0,0,1,0,0,1,0,0,0,0,0,0,0,2,15,1,0,0
D,LB2510_4,DEEP,B,Lighthouse,10/02/2025,10,15:30,100,6,2,None,0,Lily,7,5,3,0,0,0,2,1,1,0,0,0,0,0,0,0,0,0,1,15,3,0,0
D,LB2510_4,DEEP,B,Lighthouse,10/02/2025,10,15:30,100,6,2,None,0,Marianna,9,9,3,0,0,0,1,2,1,0,2,1,0,0,0,0,0,0,2,17,1,0,0
D,LB2510_5,DEEP,A,Lighthouse ,10/09/2025,10.5,13:08,100,10,3,N/A,3,Allie,13,13,20,0,4,0,3,4,0,0,0,1,0,0,2,0,0,0,1,17,2,0,0
D,LB2510_5,DEEP,A,Lighthouse ,10/09/2025,10.5,13:08,100,10,3,N/A,3,Agathe,7,10,10,0,3,0,5,4,0,0,0,0,0,0,1,0,0,0,0,14,0,0,0
D,LB2510_5,DEEP,B,Lighthouse,10/09/2025,10.5,13:19,100,10,3,N/A,3,Allie,3,12,17,0,2,0,4,2,0,0,2,0,0,0,0,0,0,1,0,13,0,0,0
D,LB2510_5,DEEP,B,Lighthouse ,10/09/2025,10.5,13:19,100,10,3,N/A,3,Agathe,3,15,12,0,6,0,6,3,0,0,0,0,0,0,0,0,0,1,0,15,0,0,0
D,LB2510_6,SHALLOW,A,Lighthouse ,10/09/2025,9,13:08,100,12,3,N/A,3,Liam,16,21,13,0,7,0,0,5,0,0,0,0,0,0,0,0,0,0,0,9,1,0,0
D,LB2510_6,SHALLOW,A,Lighthouse ,10/09/2025,9,13:08,100,12,3,N/A,3,Mathys,9,13,14,0,6,0,1,10,0,0,0,0,0,0,0,0,0,0,0,13,1,0,0
D,LB2510_6,SHALLOW,B,Lighthouse ,10/09/2025,9,13:08,100,12,3,N/A,3,Liam,8,13,11,0,4,0,0,1,0,0,0,0,0,0,0,0,0,0,0,9,0,0,0
D,LB2510_6,SHALLOW,B,Lighthouse ,10/09/2025,9,13:08,100,12,3,N/A,3,Mathys,7,14,15,0,0,0,1,2,0,0,0,0,0,0,0,0,0,0,0,13,0,0,0
D,HW2510_1,SHALLOW,A,Hin Wong Bay,10/09/2025,9,15:15,100,7,3,N/A,13,Liam,4,15,20,0,0,0,2,5,2,0,1,0,0,0,0,0,0,0,0,6,1,0,0
D,HW2510_1,SHALLOW,A,Hin Wong Bay,10/09/2025,9,15:15,100,7,3,N/A,13,Mathys,8,12,21,0,0,0,4,3,2,0,0,0,0,0,0,0,0,0,0,9,1,0,0
D,HW2510_1,SHALLOW,B,Hin Wong Bay,10/09/2025,9,15:15,100,7,3,N/A,13,Liam,13,13,26,0,4,0,0,6,3,0,3,0,0,0,0,0,0,0,0,9,1,0,0
D,HW2510_1,SHALLOW,B,Hin Wong Bay,10/09/2025,9,15:15,100,7,3,N/A,13,Mathys,7,7,14,0,0,0,1,2,3,0,2,0,0,0,0,0,0,0,0,9,2,0,0
D,HW2510_2,DEEP,A,Hin Wong Bay,10/09/2025,10.2,15,100,8,3,N/A,13,Allie,25,11,23,0,3,0,4,2,2,0,1,0,0,0,0,0,0,0,1,15,5,0,0
D,HW2510_2,DEEP,A,Hin Wong Bay,10/09/2025,10.2,15,100,7,3,N/A,13,Agathe,8,10,29,0,0,0,2,4,1,0,5,0,0,0,0,0,0,0,0,12,3,0,0
D,HW2510_2,DEEP,B,Hin Wong Bay,10/09/2025,10.2,15:15,100,8,3,N/A,13,Allie,23,7,17,0,3,0,4,2,9,0,3,0,0,0,0,0,0,0,0,14,2,0,0
D,HW2510_2,DEEP,B,Hin Wong Bay,10/09/2025,10.2,15:15,100,7,3,N/A,13,Agathe,9,9,16,0,1,0,4,2,8,0,3,0,0,0,0,0,0,0,1,9,0,0,0
D,TT2510_1,SHALLOW,A,Tao Tong,10/13/2025,9,10:45,100,11,2,Light,1,Lily,19,21,4,0,0,0,2,5,3,0,0,0,0,0,0,0,0,0,1,14,2,0,0
D,TT2510_1,SHALLOW,A,Tao Tong,10/13/2025,8.8,10:45,100,11,2,Light,1,Marianna,20,7,4,0,1,0,3,2,1,0,0,0,0,0,0,0,0,0,1,14,0,0,0
D,TT2510_1,SHALLOW,B,Tao Tong,10/13/2025,9,10:45,100,11,2,Light,1,Lily,17,15,8,0,5,0,4,3,6,0,0,1,0,0,0,0,0,1,0,16,2,0,0
D,TT2510_1,SHALLOW,B,Tao Tong,10/13/2025,8.8,10:45,100,11,2,Light,1,Marianna,20,14,7,0,4,0,3,6,0,0,0,1,0,0,0,0,0,1,1,15,3,0,0
D,TT2510_2,DEEP,A,Tao Tong,10/13/2025,10,10:45,100,11,2,Light,0,Liam,4,5,16,0,0,0,1,2,0,0,0,1,0,0,0,0,0,0,0,2,0,0,0
D,TT2510_2,DEEP,A,Tao Tong,10/13/2025,10,10:45,100,11,2,Light,0,Mathys,3,7,14,0,0,0,1,3,0,0,0,1,0,0,0,0,0,0,0,3,0,0,0
D,TT2510_2,DEEP,B,Tao Tong,10/13/2025,10,10:45,100,11,2,Light,0,Liam,2,0,4,0,0,0,0,0,0,0,0,0,0,0,0,1,0,0,1,1,0,0,0
D,TT2510_2,DEEP,B,Tao Tong,10/13/2025,10,10:45,100,11,2,Light,0,Mathys,3,0,5,0,0,0,0,0,0,0,0,0,0,0,0,1,0,0,1,1,0,0,0
D,TT2510_3,SHALLOW,A,Tao Tong,10/14/2025,7.6,10:48,100,15,4,Light,1,Agathe,85,54,22,0,4,0,4,5,4,0,0,0,0,0,150,0,0,0,2,11,1,0,0
D,TT2510_3,SHALLOW,A,Tao Tong,10/14/2025,7.6,10:48,100,15,4,Light,1,Allie,72,61,24,0,8,0,4,5,5,0,0,0,0,0,101,2,0,0,3,17,7,0,0
D,TT2510_3,SHALLOW,B,Tao Tong,10/14/2025,7.6,11:00,100,15,4,Light,1,Agathe,110,36,28,0,4,0,5,7,6,0,0,0,0,0,150,0,0,0,1,16,2,0,0
D,TT2510_3,SHALLOW,B,Tao Tong,10/14/2025,7.6,10:58,100,15,4,Light,1,Allie,69,52,23,0,10,0,6,7,5,0,0,0,0,0,102,3,0,0,0,14,9,0,0
D,TT2510_4,DEEP,A,Tao Tong,10/14/2025,7.6,10:48,100,15,4,Light,1,Ruby,60,44,16,0,0,0,1,6,3,0,0,0,0,0,205,0,0,0,3,10,2,0,0
D,TT2510_4,DEEP,A,Tao Tong,10/14/2025,7.6,10:48,100,15,4,Light,1,Tilda,41,33,10,0,0,0,1,3,2,0,0,1,0,0,220,0,0,0,3,3,3,0,0
D,TT2510_4,DEEP,B,Tao Tong,10/14/2025,7.6,11:00,100,15,4,Light,1,Ruby,81,5,26,0,1,0,1,4,4,0,0,1,0,0,130,0,1,0,0,0,0,0,0
D,TT2510_4,DEEP,B,Tao Tong,10/14/2025,7.6,10:58,100,15,4,Light,1,Tilda,45,14,14,0,2,0,2,5,3,0,0,2,0,0,230,0,1,0,1,7,0,0,0
D,TT2510_5,SHALLOW,A,Tao Tong,10/15/2025,7.5,12:55,100,15,2,Light,1,Thomas,95,98,66,0,0,0,7,10,9,0,0,0,0,0,133,0,0,1,3,34,1,0,0
D,TT2510_5,SHALLOW,A,Tao Tong,10/15/2025,8,12:52,100,15,2,Light ,1,Jake,92,65,60,0,5,0,16,18,10,2,0,0,0,0,65,0,0,1,2,19,9,0,0
D,TT2510_5,SHALLOW,B,Tao Tong,10/15/2025,7.5,13:03,100,15,2,Light,1,Thomas,85,72,66,0,2,0,4,11,4,0,0,1,0,0,130,0,0,0,3,25,1,0,0
D,TT2510_5,SHALLOW,B,Tao Tong ,10/15/2025,8,13:03,100,15,2,Light,1,Jake,67,65,62,0,8,0,12,14,4,0,0,1,0,0,75,0,0,0,2,9,3,0,0
D,TT2510_6,DEEP,A,Tao Tong,10/15/2025,9.5,12.55,100,15,2,Light,1,Simone,60,31,33,0,2,0,7,19,9,0,0,1,0,0,40,0,0,0,5,1,2,0,0
D,TT2510_6,DEEP,A,Tao Tong,10/15/2025,9.5,13:03,100,15,2,Light,1,SK,39,25,31,0,2,0,4,11,6,2,0,1,0,0,0,0,0,0,3,0,2,0,0
D,TT2510_6,DEEP,B,Tao Tong,10/15/2025,9.5,12:55,100,15,2,Light,1,Simone,62,22,31,0,3,0,5,19,6,2,0,0,0,0,0,0,0,0,1,3,1,0,0
D,TT2510_6,DEEP,B,Tao Tong,10/15/2025,9.5,13:03,100,15,2,Light,1,SK,26,26,32,0,1,0,2,9,3,2,0,0,0,0,0,0,0,0,1,0,1,0,0
D,LB2510_4,SHALLOW,A,Lighthouse,10/20/2025,9,13:28,100,8,3,None,2,Lily,4,18,12,1,2,0,2,5,2,0,1,0,0,0,0,0,0,0,0,18,2,0,0
D,LB2510_4,SHALLOW,A,Lighthouse,10/20/2025,9,13:28,100,8,3,None,2,Marianna,10,18,12,1,1,0,1,6,1,0,3,0,0,0,0,0,0,0,0,16,2,0,0
D,LB2510_4,SHALLOW,B,Lighthouse,10/20/2025,9,13:37,100,8,3,None,2,Lily ,10,19,11,0,2,0,0,6,3,0,0,0,0,0,0,0,0,0,0,14,2,0,0
D,LB2510_4,SHALLOW,B,Lighthouse,10/20/2025,9,13:37,100,8,3,None,2,Marianna,5,15,14,0,1,0,1,6,3,0,1,0,0,0,0,0,0,0,0,12,2,0,0
D,LB2510_5,DEEP,A,Lighthouse,10/20/2025,11,13:28,100,8,3,None,2,Mathys,2,17,11,0,1,0,1,11,1,0,0,0,0,0,1,0,0,0,2,14,5,0,0
D,LB2510_5,DEEP,A,Lighthouse,10/20/2025,11,13:37,100,8,3,None,2,SK,8,21,13,0,4,0,0,7,1,0,0,0,0,0,0,0,0,0,3,16,5,0,0
D,LB2510_5,DEEP,B,Lighthouse,10/20/2025,11,13:28,100,8,3,None,2,Mathys,7,14,13,0,2,0,0,8,1,0,0,0,0,0,0,0,0,0,0,14,3,0,0
D,LB2510_5,DEEP,B,Lighthouse,10/20/2025,11,13:37,100,8,3,None,2,SK,9,19,17,0,2,0,0,8,0,0,0,0,0,0,0,0,0,0,1,15,1,0,0
D,MB2510_5,SHALLOW,A,Mango Bay,10/21/2025,8,13:07,100,8,4,None,6,Simone ,19,70,11,0,4,0,2,4,12,0,1,0,0,0,0,0,0,0,0,20,2,0,0
D,MB2510_5,SHALLOW,A,Mango Bay,10/21/2025,8,13:15,100,8,4,None,6,Liam,10,45,13,0,5,0,2,3,7,0,0,0,0,0,0,0,0,0,0,10,1,0,0
D,MB2510_5,SHALLOW,B,Mango Bay,10/21/2025,8,13:07,100,8,4,None,6,Simone ,10,93,8,0,9,0,0,5,15,1,0,0,0,0,0,0,0,3,0,11,1,0,0
D,MB2510_5,SHALLOW,B,Mango Bay,10/21/2025,8,13:15,100,8,4,None,6,Liam,3,45,10,0,6,0,1,3,5,1,0,0,0,0,4,0,0,2,0,5,1,0,0
D,MB2510_6,DEEP,A,Mango Bay,10/21/2025,11,13:07,100,8,4,None,6,Thomas,41,68,43,0,8,0,2,2,16,0,0,0,0,0,11,0,0,0,0,55,2,0,0
D,MB2510_6,DEEP,B,Mango Bay,10/21/2025,11,13:15,100,8,4,None,6,Thomas,25,63,15,0,8,0,0,6,12,1,0,0,0,0,0,0,0,5,0,49,3,0,0
D,MB2510_6,DEEP,A,Mango Bay,10/21/2025,11,13:07,100,8,4,None,6,Jake,22,80,24,1,9,0,0,9,14,0,0,0,0,0,0,0,0,0,0,51,1,0,0
D,MB2510_6,DEEP,B,Mango Bay,10/21/2025,11,13:15,100,8,4,None,6,Jake,17,63,22,0,8,0,1,7,12,1,0,0,0,0,0,0,0,2,0,45,0,0,0
D,JA2510_1,SHALLOW,A,Japanese Garden,10/21/2025,8,15.09,100,9,4,None,13,Simone ,13,12,20,0,3,0,2,10,1,0,0,1,0,0,0,0,0,2,0,23,6,0,0
D,JA2510_1,SHALLOW,A,Japanese Garden,10/21/2025,8,15.09,100,9,4,None,13,Liam,16,10,23,0,3,0,1,11,3,0,1,0,0,0,0,0,0,2,1,17,1,0,0
D,JA2510_1,SHALLOW,B,Japanese Garden,10/21/2025,8,15.09,100,9,4,None,13,Simone ,11,12,24,0,3,0,2,15,3,0,0,1,0,0,0,0,0,0,0,21,5,0,0
D,JA2510_1,SHALLOW,B,Japanese Garden,10/21/2025,8,15.09,100,9,4,None,13,Liam,10,9,28,1,4,0,2,9,5,0,2,1,0,0,0,0,0,0,1,14,1,0,0
D,JA2510_2,DEEP,A,Japanese Garden,10/21/2025,11,15:17,100,8,4,None,13,Thomas,27,50,15,0,4,0,4,9,2,0,0,1,0,0,0,0,0,2,0,30,4,0,0
D,JA2510_2,DEEP,A,Japanese Garden,10/21/2025,11,15:17,100,8,4,None,13,Jake,28,54,18,0,5,0,1,12,4,1,1,1,0,0,0,0,0,0,0,38,5,0,0
D,JA2510_2,DEEP,B,Japanese Garden,10/21/2025,11,15:17,100,8,4,None,13,Thomas,21,45,17,0,5,0,2,18,1,0,0,1,0,0,0,0,0,0,0,27,3,0,0
D,JA2510_2,DEEP,B,Japanese Garden,10/21/2025,11,15:17,100,8,4,None,13,Jake,30,55,24,0,3,0,2,17,3,0,2,1,0,0,0,0,0,0,0,42,3,0,0
D,HW2510_3,DEEP,A,Hin Wong Bay,10/22/2025,11.5,13:11,100,15,4,None,1,Mathys,5,15,17,0,1,0,0,5,2,0,4,2,0,0,0,0,0,0,0,11,2,0,0
D,HW2510_3,DEEP,A,Hin Wong Bay,10/22/2025,11.5,13:11,100,15,4,None,1,SK,11,12,17,0,3,0,1,5,4,0,4,2,0,0,5,0,0,1,2,12,2,0,0
D,HW2510_3,DEEP,B,Hin Wong Bay,10/22/2025,11.5,13:20,100,15,4,None,1,Mathys,7,1,14,0,0,0,1,2,2,0,2,1,0,0,0,0,0,0,0,10,0,0,0
D,HW2510_3,DEEP,B,Hin Wong Bay,10/22/2025,11.5,13:20,100,15,4,None,1,SK,9,13,17,0,1,0,3,3,4,0,1,1,0,0,0,0,0,0,2,9,1,0,0
D,HW2510_4,SHALLOW,A,Hin Wong Bay,10/22/2025,8,13:11,100,15,4,None,1,Thomas,14,16,8,0,0,0,3,10,3,1,0,2,0,0,0,0,0,0,2,6,1,0,0
D,HW2510_4,SHALLOW,A,Hin Wong Bay,10/22/2025,8,13:11,100,15,4,None,1,Jake,23,24,24,0,0,0,1,17,4,0,2,2,0,0,0,0,0,1,0,12,1,0,0
D,HW2510_4,SHALLOW,B,Hin Wong Bay,10/22/2025,8,13:20,100,15,4,None,1,Thomas,14,11,16,0,0,0,1,5,3,0,3,2,0,0,0,0,0,0,0,0,0,0,0
D,HW2510_4,SHALLOW,B,Hin Wong Bay,10/22/2025,8,13:20,100,15,4,None,1,Jake,7,13,24,0,1,0,2,16,4,1,12,2,0,0,0,0,0,1,0,17,0,0,0
D,HW2510_5,SHALLOW,A,Hin Wong Bay,10/22/2025,7.6,13:10,100,8,3,None,2,Marianna ,10,14,27,0,3,0,0,3,3,0,0,1,1,0,0,0,0,0,0,18,1,0,0
D,HW2510_5,SHALLOW,A,Hin Wong Bay,10/22/2025,8,13:10,100,8,3,None,2,Lily,10,12,25,0,2,0,3,5,1,0,0,1,1,0,0,0,0,0,1,20,1,0,0
D,HW2510_5,SHALLOW,B,Hin Wong Bay,10/22/2025,7.6,13:21,100,8,3,None,2,Marianna ,11,12,20,0,2,0,0,1,3,0,2,1,0,1,0,0,0,0,0,18,0,0,0
D,HW2510_5,SHALLOW,B,Hin Wong Bay,10/22/2025,8,13:21,100,8,3,None,2,Lily,11,12,22,0,0,0,0,2,2,0,2,0,0,0,0,0,1,0,1,17,1,0,0
D,HW2510_6,DEEP,A,Hin Wong Bay,10/22/2025,9.1,13.1,100,8,3,None,2,Simone,17,6,26,0,3,0,2,5,5,0,0,0,1,0,0,0,0,0,1,16,1,0,0
D,HW2510_6,DEEP,B,Hin Wong Bay,10/22/2025,9.1,13.1,100,8,3,None,2,Simone,10,12,24,0,3,0,4,4,2,0,0,0,0,1,0,0,0,1,1,12,0,0,0
D,AL2510_5,SHALLOW,A,Aow Leuk,10/22/2025,7.5,15:12,100,12,4,None,7,SK,16,18,13,0,0,0,2,14,3,0,3,0,0,0,1,0,0,0,1,13,5,0,0
D,AL2510_5,SHALLOW,A,Aow Leuk,10/22/2025,7.5,15:12,100,12,4,None,7,Mathys,13,25,14,0,1,0,6,9,4,0,0,0,0,0,1,0,0,0,4,20,8,0,0
D,AL2510_5,SHALLOW,B,Aow Leuk,10/22/2025,7.5,15:25,100,12,4,None,7,SK,16,15,8,0,0,0,2,7,2,0,3,0,0,1,0,0,0,0,0,9,2,0,0
D,AL2510_5,SHALLOW,B,Aow Leuk,10/22/2025,7.5,15:25,100,12,4,None,7,Mathys,14,31,24,0,0,0,1,6,2,0,6,0,0,1,0,0,0,0,0,22,8,0,0
D,AL2510_6,DEEP,A,Aow Leuk,10/22/2025,10,15:12,100,12,4,None,7,Tom,19,20,14,0,2,0,1,7,1,1,0,0,0,0,0,0,0,0,4,41,2,0,0
D,AL2510_6,DEEP,A,Aow Leuk,10/22/2025,10,15:12,100,12,4,None,7,Jake,24,22,24,0,0,0,2,14,3,1,5,0,0,0,1,0,0,0,2,75,5,0,0
D,AL2510_6,DEEP,B,Aow Leuk,10/22/2025,10,15:25,100,12,4,None,7,Tom,13,17,10,0,2,0,2,7,0,0,2,0,0,0,0,0,0,0,1,29,1,0,0
D,AL2510_6,DEEP,B,Aow Leuk,10/22/2025,10,15:25,100,12,4,None,7,Jake,20,30,21,0,0,0,2,9,0,0,9,0,0,0,0,0,0,0,0,60,2,0,0