Type,Site,Date,TransectOrder,Functional_Group,survey_pair,GroupTotal
Dived,Aow Leuk,2025-08-04,A,Grazer,AL2508_1_DEEP_2025-08-04,260
Dived,Aow Leuk,2025-08-04,A,Grazer,AL2508_2_DEEP_2025-08-04,125
Dived,Aow Leuk,2025-08-04,A,Grazer,AL2508_3_SHALLOW_2025-08-04,206
Dived,Aow Leuk,2025-08-04,A,Invertivore,AL2508_1_DEEP_2025-08-04,24
Dived,Aow Leuk,2025-08-04,A,Invertivore,AL2508_2_DEEP_2025-08-04,39
Dived,Aow Leuk,2025-08-04,A,Invertivore,AL2508_3_SHALLOW_2025-08-04,23
Dived,Aow Leuk,2025-08-04,A,Mesopredator,AL2508_1_DEEP_2025-08-04,20
Dived,Aow Leuk,2025-08-04,A,Mesopredator,AL2508_2_DEEP_2025-08-04,29
Dived,Aow Leuk,2025-08-04,A,Mesopredator,AL2508_3_SHALLOW_2025-08-04,15
Dived,Aow Leuk,2025-08-04,A,HTLP,AL2508_1_DEEP_2025-08-04,4
Dived,Aow Leuk,2025-08-04,A,HTLP,AL2508_2_DEEP_2025-08-04,6
Dived,Aow Leuk,2025-08-04,A,HTLP,AL2508_3_SHALLOW_2025-08-04,5
Dived,Aow Leuk,2025-08-04,B,Grazer,AL2508_1_DEEP_2025-08-04,107
Dived,Aow Leuk,2025-08-04,B,Grazer,AL2508_2_DEEP_2025-08-04,108
Dived,Aow Leuk,2025-08-04,B,Grazer,AL2508_3_SHALLOW_2025-08-04,160
Dived,Aow Leuk,2025-08-04,B,Invertivore,AL2508_1_DEEP_2025-08-04,17
Dived,Aow Leuk,2025-08-04,B,Invertivore,AL2508_2_DEEP_2025-08-04,45
Dived,Aow Leuk,2025-08-04,B,Invertivore,AL2508_3_SHALLOW_2025-08-04,22
Dived,Aow Leuk,2025-08-04,B,Mesopredator,AL2508_1_DEEP_2025-08-04,26
Dived,Aow Leuk,2025-08-04,B,Mesopredator,AL2508_2_DEEP_2025-08-04,28
Dived,Aow Leuk,2025-08-04,B,Mesopredator,AL2508_3_SHALLOW_2025-08-04,22
Dived,Aow Leuk,2025-08-04,B,HTLP,AL2508_1_DEEP_2025-08-04,13
Dived,Aow Leuk,2025-08-04,B,HTLP,AL2508_2_DEEP_2025-08-04,4
Dived,Aow Leuk,2025-08-04,B,HTLP,AL2508_3_SHALLOW_2025-08-04,7
Dived,Aow Leuk,2025-08-07,A,Grazer,AL2508_4_SHALLOW_2025-08-07,231
Dived,Aow Leuk,2025-08-07,A,Invertivore,AL2508_4_SHALLOW_2025-08-07,60
Dived,Aow Leuk,2025-08-07,A,Mesopredator,AL2508_4_SHALLOW_2025-08-07,71
Dived,Aow Leuk,2025-08-07,A,HTLP,AL2508_4_SHALLOW_2025-08-07,11
Dived,Aow Leuk,2025-08-07,B,Grazer,AL2508_4_SHALLOW_2025-08-07,213
Dived,Aow Leuk,2025-08-07,B,Invertivore,AL2508_4_SHALLOW_2025-08-07,35
Dived,Aow Leuk,2025-08-07,B,Mesopredator,AL2508_4_SHALLOW_2025-08-07,74
Dived,Aow Leuk,2025-08-07,B,HTLP,AL2508_4_SHALLOW_2025-08-07,9
Dived,Aow Leuk,2025-10-22,A,Grazer,AL2510_5_SHALLOW_2025-10-22,99
Dived,Aow Leuk,2025-10-22,A,Grazer,AL2510_6_DEEP_2025-10-22,123
Dived,Aow Leuk,2025-10-22,A,Invertivore,AL2510_5_SHALLOW_2025-10-22,42
Dived,Aow Leuk,2025-10-22,A,Invertivore,AL2510_6_DEEP_2025-10-22,37
Dived,Aow Leuk,2025-10-22,A,Mesopredator,AL2510_5_SHALLOW_2025-10-22,40
Dived,Aow Leuk,2025-10-22,A,Mesopredator,AL2510_6_DEEP_2025-10-22,123
Dived,Aow Leuk,2025-10-22,A,HTLP,AL2510_5_SHALLOW_2025-10-22,13
Dived,Aow Leuk,2025-10-22,A,HTLP,AL2510_6_DEEP_2025-10-22,7
Dived,Aow Leuk,2025-10-22,B,Grazer,AL2510_5_SHALLOW_2025-10-22,108
Dived,Aow Leuk,2025-10-22,B,Grazer,AL2510_6_DEEP_2025-10-22,111
Dived,Aow Leuk,2025-10-22,B,Invertivore,AL2510_5_SHALLOW_2025-10-22,29
Dived,Aow Leuk,2025-10-22,B,Invertivore,AL2510_6_DEEP_2025-10-22,33
Dived,Aow Leuk,2025-10-22,B,Mesopredator,AL2510_5_SHALLOW_2025-10-22,33
Dived,Aow Leuk,2025-10-22,B,Mesopredator,AL2510_6_DEEP_2025-10-22,90
Dived,Aow Leuk,2025-10-22,B,HTLP,AL2510_5_SHALLOW_2025-10-22,10
Dived,Aow Leuk,2025-10-22,B,HTLP,AL2510_6_DEEP_2025-10-22,3
Dived,Aow Mao,2025-08-13,A,Grazer,AM2508_2_SHALLOW_2025-08-13,149
Dived,Aow Mao,2025-08-13,A,Grazer,AM2508_3_DEEP_2025-08-13,73
Dived,Aow Mao,2025-08-13,A,Invertivore,AM2508_2_SHALLOW_2025-08-13,21
Dived,Aow Mao,2025-08-13,A,Invertivore,AM2508_3_DEEP_2025-08-13,27
Dived,Aow Mao,2025-08-13,A,Mesopredator,AM2508_2_SHALLOW_2025-08-13,15
Dived,Aow Mao,2025-08-13,A,Mesopredator,AM2508_3_DEEP_2025-08-13,17
Dived,Aow Mao,2025-08-13,A,HTLP,AM2508_2_SHALLOW_2025-08-13,2
Dived,Aow Mao,2025-08-13,A,HTLP,AM2508_3_DEEP_2025-08-13,0
Dived,Aow Mao,2025-08-13,B,Grazer,AM2508_2_SHALLOW_2025-08-13,124
Dived,Aow Mao,2025-08-13,B,Grazer,AM2508_3_DEEP_2025-08-13,38
Dived,Aow Mao,2025-08-13,B,Invertivore,AM2508_2_SHALLOW_2025-08-13,25
Dived,Aow Mao,2025-08-13,B,Invertivore,AM2508_3_DEEP_2025-08-13,13
Dived,Aow Mao,2025-08-13,B,Mesopredator,AM2508_2_SHALLOW_2025-08-13,14
Dived,Aow Mao,2025-08-13,B,Mesopredator,AM2508_3_DEEP_2025-08-13,14
Dived,Aow Mao,2025-08-13,B,HTLP,AM2508_2_SHALLOW_2025-08-13,2
Dived,Aow Mao,2025-08-13,B,HTLP,AM2508_3_DEEP_2025-08-13,1
Dived,Hin Wong Bay,2025-10-09,A,Grazer,HW2510_1_SHALLOW_2025-10-09,80
Dived,Hin Wong Bay,2025-10-09,A,Grazer,HW2510_2_DEEP_2025-10-09,106
Dived,Hin Wong Bay,2025-10-09,A,Invertivore,HW2510_1_SHALLOW_2025-10-09,19
Dived,Hin Wong Bay,2025-10-09,A,Invertivore,HW2510_2_DEEP_2025-10-09,24
Dived,Hin Wong Bay,2025-10-09,A,Mesopredator,HW2510_1_SHALLOW_2025-10-09,15
Dived,Hin Wong Bay,2025-10-09,A,Mesopredator,HW2510_2_DEEP_2025-10-09,28
Dived,Hin Wong Bay,2025-10-09,A,HTLP,HW2510_1_SHALLOW_2025-10-09,2
Dived,Hin Wong Bay,2025-10-09,A,HTLP,HW2510_2_DEEP_2025-10-09,8
Dived,Hin Wong Bay,2025-10-09,B,Grazer,HW2510_1_SHALLOW_2025-10-09,80
Dived,Hin Wong Bay,2025-10-09,B,Grazer,HW2510_2_DEEP_2025-10-09,81
Dived,Hin Wong Bay,2025-10-09,B,Invertivore,HW2510_1_SHALLOW_2025-10-09,24
Dived,Hin Wong Bay,2025-10-09,B,Invertivore,HW2510_2_DEEP_2025-10-09,39
Dived,Hin Wong Bay,2025-10-09,B,Mesopredator,HW2510_1_SHALLOW_2025-10-09,18
Dived,Hin Wong Bay,2025-10-09,B,Mesopredator,HW2510_2_DEEP_2025-10-09,24
Dived,Hin Wong Bay,2025-10-09,B,HTLP,HW2510_1_SHALLOW_2025-10-09,3
Dived,Hin Wong Bay,2025-10-09,B,HTLP,HW2510_2_DEEP_2025-10-09,2
Dived,Hin Wong Bay,2025-10-22,A,Grazer,HW2510_3_DEEP_2025-10-22,77
Dived,Hin Wong Bay,2025-10-22,A,Grazer,HW2510_4_SHALLOW_2025-10-22,109
Dived,Hin Wong Bay,2025-10-22,A,Grazer,HW2510_5_SHALLOW_2025-10-22,98
Dived,Hin Wong Bay,2025-10-22,A,Grazer,HW2510_6_DEEP_2025-10-22,49
Dived,Hin Wong Bay,2025-10-22,A,Invertivore,HW2510_3_DEEP_2025-10-22,33
Dived,Hin Wong Bay,2025-10-22,A,Invertivore,HW2510_4_SHALLOW_2025-10-22,45
Dived,Hin Wong Bay,2025-10-22,A,Invertivore,HW2510_5_SHALLOW_2025-10-22,22
Dived,Hin Wong Bay,2025-10-22,A,Invertivore,HW2510_6_DEEP_2025-10-22,15
Dived,Hin Wong Bay,2025-10-22,A,Mesopredator,HW2510_3_DEEP_2025-10-22,30
Dived,Hin Wong Bay,2025-10-22,A,Mesopredator,HW2510_4_SHALLOW_2025-10-22,20
Dived,Hin Wong Bay,2025-10-22,A,Mesopredator,HW2510_5_SHALLOW_2025-10-22,41
Dived,Hin Wong Bay,2025-10-22,A,Mesopredator,HW2510_6_DEEP_2025-10-22,18
Dived,Hin Wong Bay,2025-10-22,A,HTLP,HW2510_3_DEEP_2025-10-22,5
Dived,Hin Wong Bay,2025-10-22,A,HTLP,HW2510_4_SHALLOW_2025-10-22,3
Dived,Hin Wong Bay,2025-10-22,A,HTLP,HW2510_5_SHALLOW_2025-10-22,2
Dived,Hin Wong Bay,2025-10-22,A,HTLP,HW2510_6_DEEP_2025-10-22,1
Dived,Hin Wong Bay,2025-10-22,B,Grazer,HW2510_3_DEEP_2025-10-22,61
Dived,Hin Wong Bay,2025-10-22,B,Grazer,HW2510_4_SHALLOW_2025-10-22,85
Dived,Hin Wong Bay,2025-10-22,B,Grazer,HW2510_5_SHALLOW_2025-10-22,88
Dived,Hin Wong Bay,2025-10-22,B,Grazer,HW2510_6_DEEP_2025-10-22,46
Dived,Hin Wong Bay,2025-10-22,B,Invertivore,HW2510_3_DEEP_2025-10-22,21
Dived,Hin Wong Bay,2025-10-22,B,Invertivore,HW2510_4_SHALLOW_2025-10-22,52
Dived,Hin Wong Bay,2025-10-22,B,Invertivore,HW2510_5_SHALLOW_2025-10-22,15
Dived,Hin Wong Bay,2025-10-22,B,Invertivore,HW2510_6_DEEP_2025-10-22,13
Dived,Hin Wong Bay,2025-10-22,B,Mesopredator,HW2510_3_DEEP_2025-10-22,21
Dived,Hin Wong Bay,2025-10-22,B,Mesopredator,HW2510_4_SHALLOW_2025-10-22,17
Dived,Hin Wong Bay,2025-10-22,B,Mesopredator,HW2510_5_SHALLOW_2025-10-22,38
Dived,Hin Wong Bay,2025-10-22,B,Mesopredator,HW2510_6_DEEP_2025-10-22,14
Dived,Hin Wong Bay,2025-10-22,B,HTLP,HW2510_3_DEEP_2025-10-22,1
Dived,Hin Wong Bay,2025-10-22,B,HTLP,HW2510_4_SHALLOW_2025-10-22,1
Dived,Hin Wong Bay,2025-10-22,B,HTLP,HW2510_5_SHALLOW_2025-10-22,1
Dived,Hin Wong Bay,2025-10-22,B,HTLP,HW2510_6_DEEP_2025-10-22,1
Dived,Japanese Garden,2025-10-21,A,Grazer,JA2510_1_SHALLOW_2025-10-21,94
Dived,Japanese Garden,2025-10-21,A,Grazer,JA2510_2_DEEP_2025-10-21,192
Dived,Japanese Garden,2025-10-21,A,Invertivore,JA2510_1_SHALLOW_2025-10-21,36
Dived,Japanese Garden,2025-10-21,A,Invertivore,JA2510_2_DEEP_2025-10-21,45
Dived,Japanese Garden,2025-10-21,A,Mesopredator,JA2510_1_SHALLOW_2025-10-21,41
Dived,Japanese Garden,2025-10-21,A,Mesopredator,JA2510_2_DEEP_2025-10-21,68
Dived,Japanese Garden,2025-10-21,A,HTLP,JA2510_1_SHALLOW_2025-10-21,11
Dived,Japanese Garden,2025-10-21,A,HTLP,JA2510_2_DEEP_2025-10-21,11
Dived,Japanese Garden,2025-10-21,B,Grazer,JA2510_1_SHALLOW_2025-10-21,94
Dived,Japanese Garden,2025-10-21,B,Grazer,JA2510_2_DEEP_2025-10-21,192
Dived,Japanese Garden,2025-10-21,B,Invertivore,JA2510_1_SHALLOW_2025-10-21,48
Dived,Japanese Garden,2025-10-21,B,Invertivore,JA2510_2_DEEP_2025-10-21,55
Dived,Japanese Garden,2025-10-21,B,Mesopredator,JA2510_1_SHALLOW_2025-10-21,36
Dived,Japanese Garden,2025-10-21,B,Mesopredator,JA2510_2_DEEP_2025-10-21,69
Dived,Japanese Garden,2025-10-21,B,HTLP,JA2510_1_SHALLOW_2025-10-21,6
Dived,Japanese Garden,2025-10-21,B,HTLP,JA2510_2_DEEP_2025-10-21,6
Dived,Japanese Gardens,2025-08-11,A,Grazer,JA2508_1_SHALLOW_2025-08-11,115
Dived,Japanese Gardens,2025-08-11,A,Grazer,JA2508_2_SHALLOW_2025-08-11,81
Dived,Japanese Gardens,2025-08-11,A,Grazer,JA2508_3_DEEP_2025-08-11,170
Dived,Japanese Gardens,2025-08-11,A,Grazer,JA2508_4_DEEP_2025-08-11,57
Dived,Japanese Gardens,2025-08-11,A,Invertivore,JA2508_1_SHALLOW_2025-08-11,25
Dived,Japanese Gardens,2025-08-11,A,Invertivore,JA2508_2_SHALLOW_2025-08-11,49
Dived,Japanese Gardens,2025-08-11,A,Invertivore,JA2508_3_DEEP_2025-08-11,53
Dived,Japanese Gardens,2025-08-11,A,Invertivore,JA2508_4_DEEP_2025-08-11,46
Dived,Japanese Gardens,2025-08-11,A,Mesopredator,JA2508_1_SHALLOW_2025-08-11,31
Dived,Japanese Gardens,2025-08-11,A,Mesopredator,JA2508_2_SHALLOW_2025-08-11,8
Dived,Japanese Gardens,2025-08-11,A,Mesopredator,JA2508_3_DEEP_2025-08-11,34
Dived,Japanese Gardens,2025-08-11,A,Mesopredator,JA2508_4_DEEP_2025-08-11,23
Dived,Japanese Gardens,2025-08-11,A,HTLP,JA2508_1_SHALLOW_2025-08-11,8
Dived,Japanese Gardens,2025-08-11,A,HTLP,JA2508_2_SHALLOW_2025-08-11,6
Dived,Japanese Gardens,2025-08-11,A,HTLP,JA2508_3_DEEP_2025-08-11,2
Dived,Japanese Gardens,2025-08-11,A,HTLP,JA2508_4_DEEP_2025-08-11,3
Dived,Japanese Gardens,2025-08-11,B,Grazer,JA2508_1_SHALLOW_2025-08-11,65
Dived,Japanese Gardens,2025-08-11,B,Grazer,JA2508_2_SHALLOW_2025-08-11,53
Dived,Japanese Gardens,2025-08-11,B,Grazer,JA2508_3_DEEP_2025-08-11,114
Dived,Japanese Gardens,2025-08-11,B,Grazer,JA2508_4_DEEP_2025-08-11,59
Dived,Japanese Gardens,2025-08-11,B,Invertivore,JA2508_1_SHALLOW_2025-08-11,24
Dived,Japanese Gardens,2025-08-11,B,Invertivore,JA2508_2_SHALLOW_2025-08-11,41
Dived,Japanese Gardens,2025-08-11,B,Invertivore,JA2508_3_DEEP_2025-08-11,37
Dived,Japanese Gardens,2025-08-11,B,Invertivore,JA2508_4_DEEP_2025-08-11,15
Dived,Japanese Gardens,2025-08-11,B,Mesopredator,JA2508_1_SHALLOW_2025-08-11,22
Dived,Japanese Gardens,2025-08-11,B,Mesopredator,JA2508_2_SHALLOW_2025-08-11,10
Dived,Japanese Gardens,2025-08-11,B,Mesopredator,JA2508_3_DEEP_2025-08-11,36
Dived,Japanese Gardens,2025-08-11,B,Mesopredator,JA2508_4_DEEP_2025-08-11,21
Dived,Japanese Gardens,2025-08-11,B,HTLP,JA2508_1_SHALLOW_2025-08-11,2
Dived,Japanese Gardens,2025-08-11,B,HTLP,JA2508_2_SHALLOW_2025-08-11,7
Dived,Japanese Gardens,2025-08-11,B,HTLP,JA2508_3_DEEP_2025-08-11,3
Dived,Japanese Gardens,2025-08-11,B,HTLP,JA2508_4_DEEP_2025-08-11,0
Dived,Lighthouse,2025-10-02,A,Grazer,LB2510_1_SHALLOW_2025-10-02,117
Dived,Lighthouse,2025-10-02,A,Grazer,LB2510_2_DEEP_2025-10-02,132
Dived,Lighthouse,2025-10-02,A,Grazer,LB2510_3_SHALLOW_2025-10-02,107
Dived,Lighthouse,2025-10-02,A,Grazer,LB2510_4_DEEP_2025-10-02,36
Dived,Lighthouse,2025-10-02,A,Invertivore,LB2510_1_SHALLOW_2025-10-02,31
Dived,Lighthouse,2025-10-02,A,Invertivore,LB2510_2_DEEP_2025-10-02,38
Dived,Lighthouse,2025-10-02,A,Invertivore,LB2510_3_SHALLOW_2025-10-02,19
Dived,Lighthouse,2025-10-02,A,Invertivore,LB2510_4_DEEP_2025-10-02,4
Dived,Lighthouse,2025-10-02,A,Mesopredator,LB2510_1_SHALLOW_2025-10-02,10
Dived,Lighthouse,2025-10-02,A,Mesopredator,LB2510_2_DEEP_2025-10-02,37
Dived,Lighthouse,2025-10-02,A,Mesopredator,LB2510_3_SHALLOW_2025-10-02,21
Dived,Lighthouse,2025-10-02,A,Mesopredator,LB2510_4_DEEP_2025-10-02,32
Dived,Lighthouse,2025-10-02,A,HTLP,LB2510_1_SHALLOW_2025-10-02,2
Dived,Lighthouse,2025-10-02,A,HTLP,LB2510_2_DEEP_2025-10-02,8
Dived,Lighthouse,2025-10-02,A,HTLP,LB2510_3_SHALLOW_2025-10-02,4
Dived,Lighthouse,2025-10-02,A,HTLP,LB2510_4_DEEP_2025-10-02,2
Dived,Lighthouse,2025-10-02,B,Grazer,LB2510_1_SHALLOW_2025-10-02,65
Dived,Lighthouse,2025-10-02,B,Grazer,LB2510_2_DEEP_2025-10-02,115
Dived,Lighthouse,2025-10-02,B,Grazer,LB2510_3_SHALLOW_2025-10-02,79
Dived,Lighthouse,2025-10-02,B,Grazer,LB2510_4_DEEP_2025-10-02,36
Dived,Lighthouse,2025-10-02,B,Invertivore,LB2510_1_SHALLOW_2025-10-02,24
Dived,Lighthouse,2025-10-02,B,Invertivore,LB2510_2_DEEP_2025-10-02,50
Dived,Lighthouse,2025-10-02,B,Invertivore,LB2510_3_SHALLOW_2025-10-02,11
Dived,Lighthouse,2025-10-02,B,Invertivore,LB2510_4_DEEP_2025-10-02,11
Dived,Lighthouse,2025-10-02,B,Mesopredator,LB2510_1_SHALLOW_2025-10-02,7
Dived,Lighthouse,2025-10-02,B,Mesopredator,LB2510_2_DEEP_2025-10-02,31
Dived,Lighthouse,2025-10-02,B,Mesopredator,LB2510_3_SHALLOW_2025-10-02,15
Dived,Lighthouse,2025-10-02,B,Mesopredator,LB2510_4_DEEP_2025-10-02,35
Dived,Lighthouse,2025-10-02,B,HTLP,LB2510_1_SHALLOW_2025-10-02,0
Dived,Lighthouse,2025-10-02,B,HTLP,LB2510_2_DEEP_2025-10-02,7
Dived,Lighthouse,2025-10-02,B,HTLP,LB2510_3_SHALLOW_2025-10-02,4
Dived,Lighthouse,2025-10-02,B,HTLP,LB2510_4_DEEP_2025-10-02,4
Dived,Lighthouse,2025-10-09,A,Grazer,LB2510_5_DEEP_2025-10-09,73
Dived,Lighthouse,2025-10-09,A,Grazer,LB2510_6_SHALLOW_2025-10-09,86
Dived,Lighthouse,2025-10-09,A,Invertivore,LB2510_5_DEEP_2025-10-09,24
Dived,Lighthouse,2025-10-09,A,Invertivore,LB2510_6_SHALLOW_2025-10-09,29
Dived,Lighthouse,2025-10-09,A,Mesopredator,LB2510_5_DEEP_2025-10-09,35
Dived,Lighthouse,2025-10-09,A,Mesopredator,LB2510_6_SHALLOW_2025-10-09,22
Dived,Lighthouse,2025-10-09,A,HTLP,LB2510_5_DEEP_2025-10-09,2
Dived,Lighthouse,2025-10-09,A,HTLP,LB2510_6_SHALLOW_2025-10-09,2
Dived,Lighthouse,2025-10-09,B,Grazer,LB2510_5_DEEP_2025-10-09,62
Dived,Lighthouse,2025-10-09,B,Grazer,LB2510_6_SHALLOW_2025-10-09,68
Dived,Lighthouse,2025-10-09,B,Invertivore,LB2510_5_DEEP_2025-10-09,25
Dived,Lighthouse,2025-10-09,B,Invertivore,LB2510_6_SHALLOW_2025-10-09,8
Dived,Lighthouse,2025-10-09,B,Mesopredator,LB2510_5_DEEP_2025-10-09,28
Dived,Lighthouse,2025-10-09,B,Mesopredator,LB2510_6_SHALLOW_2025-10-09,22
Dived,Lighthouse,2025-10-09,B,HTLP,LB2510_5_DEEP_2025-10-09,2
Dived,Lighthouse,2025-10-09,B,HTLP,LB2510_6_SHALLOW_2025-10-09,0
Dived,Lighthouse,2025-10-20,A,Grazer,LB2510_4_SHALLOW_2025-10-20,74
Dived,Lighthouse,2025-10-20,A,Grazer,LB2510_5_DEEP_2025-10-20,72
Dived,Lighthouse,2025-10-20,A,Invertivore,LB2510_4_SHALLOW_2025-10-20,26
Dived,Lighthouse,2025-10-20,A,Invertivore,LB2510_5_DEEP_2025-10-20,26
Dived,Lighthouse,2025-10-20,A,Mesopredator,LB2510_4_SHALLOW_2025-10-20,34
Dived,Lighthouse,2025-10-20,A,Mesopredator,LB2510_5_DEEP_2025-10-20,36
Dived,Lighthouse,2025-10-20,A,HTLP,LB2510_4_SHALLOW_2025-10-20,4
Dived,Lighthouse,2025-10-20,A,HTLP,LB2510_5_DEEP_2025-10-20,10
Dived,Lighthouse,2025-10-20,B,Grazer,LB2510_4_SHALLOW_2025-10-20,74
Dived,Lighthouse,2025-10-20,B,Grazer,LB2510_5_DEEP_2025-10-20,79
Dived,Lighthouse,2025-10-20,B,Invertivore,LB2510_4_SHALLOW_2025-10-20,23
Dived,Lighthouse,2025-10-20,B,Invertivore,LB2510_5_DEEP_2025-10-20,21
Dived,Lighthouse,2025-10-20,B,Mesopredator,LB2510_4_SHALLOW_2025-10-20,26
Dived,Lighthouse,2025-10-20,B,Mesopredator,LB2510_5_DEEP_2025-10-20,30
Dived,Lighthouse,2025-10-20,B,HTLP,LB2510_4_SHALLOW_2025-10-20,4
Dived,Lighthouse,2025-10-20,B,HTLP,LB2510_5_DEEP_2025-10-20,4
Dived,Mango Bay,2025-08-05,A,Grazer,MA2508_1_DEEP_2025-08-05,67
Dived,Mango Bay,2025-08-05,A,Invertivore,MA2508_1_DEEP_2025-08-05,37
Dived,Mango Bay,2025-08-05,A,Mesopredator,MA2508_1_DEEP_2025-08-05,62
Dived,Mango Bay,2025-08-05,A,HTLP,MA2508_1_DEEP_2025-08-05,4
Dived,Mango Bay,2025-08-05,B,Grazer,MA2508_1_DEEP_2025-08-05,92
Dived,Mango Bay,2025-08-05,B,Invertivore,MA2508_1_DEEP_2025-08-05,44
Dived,Mango Bay,2025-08-05,B,Mesopredator,MA2508_1_DEEP_2025-08-05,44
Dived,Mango Bay,2025-08-05,B,HTLP,MA2508_1_DEEP_2025-08-05,7
Dived,Mango Bay,2025-10-02,A,Grazer,MB2510_2_SHALLOW_2025-10-02,286
Dived,Mango Bay,2025-10-02,A,Grazer,MB2510_3_DEEP_2025-10-02,175
Dived,Mango Bay,2025-10-02,A,Grazer,MB2510_4_SHALLOW_2025-10-02,136
Dived,Mango Bay,2025-10-02,A,Invertivore,MB2510_2_SHALLOW_2025-10-02,25
Dived,Mango Bay,2025-10-02,A,Invertivore,MB2510_3_DEEP_2025-10-02,27
Dived,Mango Bay,2025-10-02,A,Invertivore,MB2510_4_SHALLOW_2025-10-02,30
Dived,Mango Bay,2025-10-02,A,Mesopredator,MB2510_2_SHALLOW_2025-10-02,13
Dived,Mango Bay,2025-10-02,A,Mesopredator,MB2510_3_DEEP_2025-10-02,19
Dived,Mango Bay,2025-10-02,A,Mesopredator,MB2510_4_SHALLOW_2025-10-02,26
Dived,Mango Bay,2025-10-02,A,HTLP,MB2510_2_SHALLOW_2025-10-02,4
Dived,Mango Bay,2025-10-02,A,HTLP,MB2510_3_DEEP_2025-10-02,14
Dived,Mango Bay,2025-10-02,A,HTLP,MB2510_4_SHALLOW_2025-10-02,9
Dived,Mango Bay,2025-10-02,B,Grazer,MB2510_2_SHALLOW_2025-10-02,147
Dived,Mango Bay,2025-10-02,B,Grazer,MB2510_3_DEEP_2025-10-02,236
Dived,Mango Bay,2025-10-02,B,Grazer,MB2510_4_SHALLOW_2025-10-02,126
Dived,Mango Bay,2025-10-02,B,Invertivore,MB2510_2_SHALLOW_2025-10-02,24
Dived,Mango Bay,2025-10-02,B,Invertivore,MB2510_3_DEEP_2025-10-02,15
Dived,Mango Bay,2025-10-02,B,Invertivore,MB2510_4_SHALLOW_2025-10-02,28
Dived,Mango Bay,2025-10-02,B,Mesopredator,MB2510_2_SHALLOW_2025-10-02,12
Dived,Mango Bay,2025-10-02,B,Mesopredator,MB2510_3_DEEP_2025-10-02,4
Dived,Mango Bay,2025-10-02,B,Mesopredator,MB2510_4_SHALLOW_2025-10-02,28
Dived,Mango Bay,2025-10-02,B,HTLP,MB2510_2_SHALLOW_2025-10-02,7
Dived,Mango Bay,2025-10-02,B,HTLP,MB2510_3_DEEP_2025-10-02,22
Dived,Mango Bay,2025-10-02,B,HTLP,MB2510_4_SHALLOW_2025-10-02,5
Dived,Mango Bay,2025-10-21,A,Grazer,MB2510_5_SHALLOW_2025-10-21,168
Dived,Mango Bay,2025-10-21,A,Grazer,MB2510_6_DEEP_2025-10-21,278
Dived,Mango Bay,2025-10-21,A,Invertivore,MB2510_5_SHALLOW_2025-10-21,40
Dived,Mango Bay,2025-10-21,A,Invertivore,MB2510_6_DEEP_2025-10-21,61
Dived,Mango Bay,2025-10-21,A,Mesopredator,MB2510_5_SHALLOW_2025-10-21,30
Dived,Mango Bay,2025-10-21,A,Mesopredator,MB2510_6_DEEP_2025-10-21,117
Dived,Mango Bay,2025-10-21,A,HTLP,MB2510_5_SHALLOW_2025-10-21,3
Dived,Mango Bay,2025-10-21,A,HTLP,MB2510_6_DEEP_2025-10-21,3
Dived,Mango Bay,2025-10-21,B,Grazer,MB2510_5_SHALLOW_2025-10-21,169
Dived,Mango Bay,2025-10-21,B,Grazer,MB2510_6_DEEP_2025-10-21,205
Dived,Mango Bay,2025-10-21,B,Invertivore,MB2510_5_SHALLOW_2025-10-21,46
Dived,Mango Bay,2025-10-21,B,Invertivore,MB2510_6_DEEP_2025-10-21,56
Dived,Mango Bay,2025-10-21,B,Mesopredator,MB2510_5_SHALLOW_2025-10-21,20
Dived,Mango Bay,2025-10-21,B,Mesopredator,MB2510_6_DEEP_2025-10-21,94
Dived,Mango Bay,2025-10-21,B,HTLP,MB2510_5_SHALLOW_2025-10-21,7
Dived,Mango Bay,2025-10-21,B,HTLP,MB2510_6_DEEP_2025-10-21,10
Dived,Shark Island,2025-08-07,A,Grazer,SI2508_1_DEEP_2025-08-07,307
Dived,Shark Island,2025-08-07,A,Invertivore,SI2508_1_DEEP_2025-08-07,55
Dived,Shark Island,2025-08-07,A,Mesopredator,SI2508_1_DEEP_2025-08-07,125
Dived,Shark Island,2025-08-07,A,HTLP,SI2508_1_DEEP_2025-08-07,17
Dived,Shark Island,2025-08-07,B,Grazer,SI2508_1_DEEP_2025-08-07,326
Dived,Shark Island,2025-08-07,B,Invertivore,SI2508_1_DEEP_2025-08-07,23
Dived,Shark Island,2025-08-07,B,Mesopredator,SI2508_1_DEEP_2025-08-07,198
Dived,Shark Island,2025-08-07,B,HTLP,SI2508_1_DEEP_2025-08-07,11
Dived,Tanote,2025-09-30,A,Grazer,TB2510_2_SHALLOW_2025-09-30,62
Dived,Tanote,2025-09-30,A,Grazer,TB2510_3_DEEP_2025-09-30,85
Dived,Tanote,2025-09-30,A,Invertivore,TB2510_2_SHALLOW_2025-09-30,12
Dived,Tanote,2025-09-30,A,Invertivore,TB2510_3_DEEP_2025-09-30,13
Dived,Tanote,2025-09-30,A,Mesopredator,TB2510_2_SHALLOW_2025-09-30,5
Dived,Tanote,2025-09-30,A,Mesopredator,TB2510_3_DEEP_2025-09-30,13
Dived,Tanote,2025-09-30,A,HTLP,TB2510_2_SHALLOW_2025-09-30,6
Dived,Tanote,2025-09-30,A,HTLP,TB2510_3_DEEP_2025-09-30,5
Dived,Tanote,2025-09-30,B,Grazer,TB2510_2_SHALLOW_2025-09-30,49
Dived,Tanote,2025-09-30,B,Grazer,TB2510_3_DEEP_2025-09-30,76
Dived,Tanote,2025-09-30,B,Invertivore,TB2510_2_SHALLOW_2025-09-30,1
Dived,Tanote,2025-09-30,B,Invertivore,TB2510_3_DEEP_2025-09-30,12
Dived,Tanote,2025-09-30,B,Mesopredator,TB2510_2_SHALLOW_2025-09-30,5
Dived,Tanote,2025-09-30,B,Mesopredator,TB2510_3_DEEP_2025-09-30,9
Dived,Tanote,2025-09-30,B,HTLP,TB2510_2_SHALLOW_2025-09-30,2
Dived,Tanote,2025-09-30,B,HTLP,TB2510_3_DEEP_2025-09-30,3
Dived,Tanote,NA,A,Grazer,TB2510_2_SHALLOW_NA,62
Dived,Tanote,NA,A,Invertivore,TB2510_2_SHALLOW_NA,8
Dived,Tanote,NA,A,Mesopredator,TB2510_2_SHALLOW_NA,6
Dived,Tanote,NA,A,HTLP,TB2510_2_SHALLOW_NA,2
Dived,Tanote,NA,B,Grazer,TB2510_2_SHALLOW_NA,59
Dived,Tanote,NA,B,Invertivore,TB2510_2_SHALLOW_NA,3
Dived,Tanote,NA,B,Mesopredator,TB2510_2_SHALLOW_NA,7
Dived,Tanote,NA,B,HTLP,TB2510_2_SHALLOW_NA,1
Dived,Tanote Bay,2025-08-06,A,Grazer,TB2508_1_DEEP_2025-08-06,157
Dived,Tanote Bay,2025-08-06,A,Invertivore,TB2508_1_DEEP_2025-08-06,53
Dived,Tanote Bay,2025-08-06,A,Mesopredator,TB2508_1_DEEP_2025-08-06,7
Dived,Tanote Bay,2025-08-06,A,HTLP,TB2508_1_DEEP_2025-08-06,6
Dived,Tanote Bay,2025-08-06,B,Grazer,TB2508_1_DEEP_2025-08-06,90
Dived,Tanote Bay,2025-08-06,B,Invertivore,TB2508_1_DEEP_2025-08-06,47
Dived,Tanote Bay,2025-08-06,B,Mesopredator,TB2508_1_DEEP_2025-08-06,11
Dived,Tanote Bay,2025-08-06,B,HTLP,TB2508_1_DEEP_2025-08-06,9
Dived,Tao Tong,2025-10-13,A,Grazer,TT2510_1_SHALLOW_2025-10-13,75
Dived,Tao Tong,2025-10-13,A,Grazer,TT2510_2_DEEP_2025-10-13,49
Dived,Tao Tong,2025-10-13,A,Invertivore,TT2510_1_SHALLOW_2025-10-13,17
Dived,Tao Tong,2025-10-13,A,Invertivore,TT2510_2_DEEP_2025-10-13,9
Dived,Tao Tong,2025-10-13,A,Mesopredator,TT2510_1_SHALLOW_2025-10-13,30
Dived,Tao Tong,2025-10-13,A,Mesopredator,TT2510_2_DEEP_2025-10-13,5
Dived,Tao Tong,2025-10-13,A,HTLP,TT2510_1_SHALLOW_2025-10-13,2
Dived,Tao Tong,2025-10-13,A,HTLP,TT2510_2_DEEP_2025-10-13,0
Dived,Tao Tong,2025-10-13,B,Grazer,TT2510_1_SHALLOW_2025-10-13,81
Dived,Tao Tong,2025-10-13,B,Grazer,TT2510_2_DEEP_2025-10-13,14
Dived,Tao Tong,2025-10-13,B,Invertivore,TT2510_1_SHALLOW_2025-10-13,33
Dived,Tao Tong,2025-10-13,B,Invertivore,TT2510_2_DEEP_2025-10-13,0
Dived,Tao Tong,2025-10-13,B,Mesopredator,TT2510_1_SHALLOW_2025-10-13,32
Dived,Tao Tong,2025-10-13,B,Mesopredator,TT2510_2_DEEP_2025-10-13,4
Dived,Tao Tong,2025-10-13,B,HTLP,TT2510_1_SHALLOW_2025-10-13,7
Dived,Tao Tong,2025-10-13,B,HTLP,TT2510_2_DEEP_2025-10-13,2
Dived,Tao Tong,2025-10-14,A,Grazer,TT2510_3_SHALLOW_2025-10-14,318
Dived,Tao Tong,2025-10-14,A,Grazer,TT2510_4_DEEP_2025-10-14,204
Dived,Tao Tong,2025-10-14,A,Invertivore,TT2510_3_SHALLOW_2025-10-14,39
Dived,Tao Tong,2025-10-14,A,Invertivore,TT2510_4_DEEP_2025-10-14,17
Dived,Tao Tong,2025-10-14,A,Mesopredator,TT2510_3_SHALLOW_2025-10-14,284
Dived,Tao Tong,2025-10-14,A,Mesopredator,TT2510_4_DEEP_2025-10-14,444
Dived,Tao Tong,2025-10-14,A,HTLP,TT2510_3_SHALLOW_2025-10-14,10
Dived,Tao Tong,2025-10-14,A,HTLP,TT2510_4_DEEP_2025-10-14,5
Dived,Tao Tong,2025-10-14,B,Grazer,TT2510_3_SHALLOW_2025-10-14,318
Dived,Tao Tong,2025-10-14,B,Grazer,TT2510_4_DEEP_2025-10-14,185
Dived,Tao Tong,2025-10-14,B,Invertivore,TT2510_3_SHALLOW_2025-10-14,50
Dived,Tao Tong,2025-10-14,B,Invertivore,TT2510_4_DEEP_2025-10-14,25
Dived,Tao Tong,2025-10-14,B,Mesopredator,TT2510_3_SHALLOW_2025-10-14,283
Dived,Tao Tong,2025-10-14,B,Mesopredator,TT2510_4_DEEP_2025-10-14,370
Dived,Tao Tong,2025-10-14,B,HTLP,TT2510_3_SHALLOW_2025-10-14,14
Dived,Tao Tong,2025-10-14,B,HTLP,TT2510_4_DEEP_2025-10-14,0
Dived,Tao Tong,2025-10-15,A,Grazer,TT2510_5_SHALLOW_2025-10-15,476
Dived,Tao Tong,2025-10-15,A,Grazer,TT2510_6_DEEP_2025-10-15,219
Dived,Tao Tong,2025-10-15,A,Invertivore,TT2510_5_SHALLOW_2025-10-15,77
Dived,Tao Tong,2025-10-15,A,Invertivore,TT2510_6_DEEP_2025-10-15,64
Dived,Tao Tong,2025-10-15,A,Mesopredator,TT2510_5_SHALLOW_2025-10-15,256
Dived,Tao Tong,2025-10-15,A,Mesopredator,TT2510_6_DEEP_2025-10-15,49
Dived,Tao Tong,2025-10-15,A,HTLP,TT2510_5_SHALLOW_2025-10-15,12
Dived,Tao Tong,2025-10-15,A,HTLP,TT2510_6_DEEP_2025-10-15,4
Dived,Tao Tong,2025-10-15,B,Grazer,TT2510_5_SHALLOW_2025-10-15,417
Dived,Tao Tong,2025-10-15,B,Grazer,TT2510_6_DEEP_2025-10-15,199
Dived,Tao Tong,2025-10-15,B,Invertivore,TT2510_5_SHALLOW_2025-10-15,61
Dived,Tao Tong,2025-10-15,B,Invertivore,TT2510_6_DEEP_2025-10-15,52
Dived,Tao Tong,2025-10-15,B,Mesopredator,TT2510_5_SHALLOW_2025-10-15,244
Dived,Tao Tong,2025-10-15,B,Mesopredator,TT2510_6_DEEP_2025-10-15,5
Dived,Tao Tong,2025-10-15,B,HTLP,TT2510_5_SHALLOW_2025-10-15,4
Dived,Tao Tong,2025-10-15,B,HTLP,TT2510_6_DEEP_2025-10-15,2
Undived,Buddha Rock S 010,2025-08-14,A,Grazer,BDR010_1_SHALLOW_2025-08-14,225
Undived,Buddha Rock S 010,2025-08-14,A,Grazer,BDR010_2_DEEP_2025-08-14,333
Undived,Buddha Rock S 010,2025-08-14,A,Invertivore,BDR010_1_SHALLOW_2025-08-14,16
Undived,Buddha Rock S 010,2025-08-14,A,Invertivore,BDR010_2_DEEP_2025-08-14,24
Undived,Buddha Rock S 010,2025-08-14,A,Mesopredator,BDR010_1_SHALLOW_2025-08-14,17
Undived,Buddha Rock S 010,2025-08-14,A,Mesopredator,BDR010_2_DEEP_2025-08-14,19
Undived,Buddha Rock S 010,2025-08-14,A,HTLP,BDR010_1_SHALLOW_2025-08-14,36
Undived,Buddha Rock S 010,2025-08-14,A,HTLP,BDR010_2_DEEP_2025-08-14,37
Undived,Buddha Rock S 010,2025-08-14,B,Grazer,BDR010_1_SHALLOW_2025-08-14,215
Undived,Buddha Rock S 010,2025-08-14,B,Grazer,BDR010_2_DEEP_2025-08-14,212
Undived,Buddha Rock S 010,2025-08-14,B,Invertivore,BDR010_1_SHALLOW_2025-08-14,17
Undived,Buddha Rock S 010,2025-08-14,B,Invertivore,BDR010_2_DEEP_2025-08-14,18
Undived,Buddha Rock S 010,2025-08-14,B,Mesopredator,BDR010_1_SHALLOW_2025-08-14,7
Undived,Buddha Rock S 010,2025-08-14,B,Mesopredator,BDR010_2_DEEP_2025-08-14,5
Undived,Buddha Rock S 010,2025-08-14,B,HTLP,BDR010_1_SHALLOW_2025-08-14,43
Undived,Buddha Rock S 010,2025-08-14,B,HTLP,BDR010_2_DEEP_2025-08-14,40
Undived,Buddha Rock S 010,2025-08-19,A,Grazer,BDR010_3_SHALLOW_2025-08-19,106
Undived,Buddha Rock S 010,2025-08-19,A,Grazer,BDR010_4_DEEP_2025-08-19,65
Undived,Buddha Rock S 010,2025-08-19,A,Invertivore,BDR010_3_SHALLOW_2025-08-19,35
Undived,Buddha Rock S 010,2025-08-19,A,Invertivore,BDR010_4_DEEP_2025-08-19,19
Undived,Buddha Rock S 010,2025-08-19,A,Mesopredator,BDR010_3_SHALLOW_2025-08-19,26
Undived,Buddha Rock S 010,2025-08-19,A,Mesopredator,BDR010_4_DEEP_2025-08-19,15
Undived,Buddha Rock S 010,2025-08-19,A,HTLP,BDR010_3_SHALLOW_2025-08-19,4
Undived,Buddha Rock S 010,2025-08-19,A,HTLP,BDR010_4_DEEP_2025-08-19,13
Undived,Buddha Rock S 010,2025-08-19,B,Grazer,BDR010_3_SHALLOW_2025-08-19,87
Undived,Buddha Rock S 010,2025-08-19,B,Grazer,BDR010_4_DEEP_2025-08-19,36
Undived,Buddha Rock S 010,2025-08-19,B,Invertivore,BDR010_3_SHALLOW_2025-08-19,17
Undived,Buddha Rock S 010,2025-08-19,B,Invertivore,BDR010_4_DEEP_2025-08-19,18
Undived,Buddha Rock S 010,2025-08-19,B,Mesopredator,BDR010_3_SHALLOW_2025-08-19,17
Undived,Buddha Rock S 010,2025-08-19,B,Mesopredator,BDR010_4_DEEP_2025-08-19,11
Undived,Buddha Rock S 010,2025-08-19,B,HTLP,BDR010_3_SHALLOW_2025-08-19,2
Undived,Buddha Rock S 010,2025-08-19,B,HTLP,BDR010_4_DEEP_2025-08-19,4
Undived,Buddha Wall 010,2025-08-28,A,Grazer,BDR010_5_SHALLOW_2025-08-28,119
Undived,Buddha Wall 010,2025-08-28,A,Grazer,BDR010_6_DEEP_2025-08-28,60
Undived,Buddha Wall 010,2025-08-28,A,Invertivore,BDR010_5_SHALLOW_2025-08-28,21
Undived,Buddha Wall 010,2025-08-28,A,Invertivore,BDR010_6_DEEP_2025-08-28,27
Undived,Buddha Wall 010,2025-08-28,A,Mesopredator,BDR010_5_SHALLOW_2025-08-28,43
Undived,Buddha Wall 010,2025-08-28,A,Mesopredator,BDR010_6_DEEP_2025-08-28,53
Undived,Buddha Wall 010,2025-08-28,A,HTLP,BDR010_5_SHALLOW_2025-08-28,17
Undived,Buddha Wall 010,2025-08-28,A,HTLP,BDR010_6_DEEP_2025-08-28,26
Undived,Buddha Wall 010,2025-08-28,B,Grazer,BDR010_5_SHALLOW_2025-08-28,168
Undived,Buddha Wall 010,2025-08-28,B,Grazer,BDR010_6_DEEP_2025-08-28,77
Undived,Buddha Wall 010,2025-08-28,B,Invertivore,BDR010_5_SHALLOW_2025-08-28,15
Undived,Buddha Wall 010,2025-08-28,B,Invertivore,BDR010_6_DEEP_2025-08-28,37
Undived,Buddha Wall 010,2025-08-28,B,Mesopredator,BDR010_5_SHALLOW_2025-08-28,33
Undived,Buddha Wall 010,2025-08-28,B,Mesopredator,BDR010_6_DEEP_2025-08-28,55
Undived,Buddha Wall 010,2025-08-28,B,HTLP,BDR010_5_SHALLOW_2025-08-28,20
Undived,Buddha Wall 010,2025-08-28,B,HTLP,BDR010_6_DEEP_2025-08-28,19
Undived,Grapeview,2025-08-22,A,Grazer,GV003_3_SHALLOW_2025-08-22,54
Undived,Grapeview,2025-08-22,A,Invertivore,GV003_3_SHALLOW_2025-08-22,25
Undived,Grapeview,2025-08-22,A,Mesopredator,GV003_3_SHALLOW_2025-08-22,60
Undived,Grapeview,2025-08-22,A,HTLP,GV003_3_SHALLOW_2025-08-22,0
Undived,Grapeview,2025-08-22,B,Grazer,GV003_3_SHALLOW_2025-08-22,56
Undived,Grapeview,2025-08-22,B,Invertivore,GV003_3_SHALLOW_2025-08-22,52
Undived,Grapeview,2025-08-22,B,Mesopredator,GV003_3_SHALLOW_2025-08-22,51
Undived,Grapeview,2025-08-22,B,HTLP,GV003_3_SHALLOW_2025-08-22,0
Undived,Grapeview 003,2025-08-13,A,Grazer,GV003_1_SHALLOW_2025-08-13,93
Undived,Grapeview 003,2025-08-13,A,Grazer,GV003_2_DEEP_2025-08-13,28
Undived,Grapeview 003,2025-08-13,A,Invertivore,GV003_1_SHALLOW_2025-08-13,26
Undived,Grapeview 003,2025-08-13,A,Invertivore,GV003_2_DEEP_2025-08-13,24
Undived,Grapeview 003,2025-08-13,A,Mesopredator,GV003_1_SHALLOW_2025-08-13,18
Undived,Grapeview 003,2025-08-13,A,Mesopredator,GV003_2_DEEP_2025-08-13,67
Undived,Grapeview 003,2025-08-13,A,HTLP,GV003_1_SHALLOW_2025-08-13,2
Undived,Grapeview 003,2025-08-13,A,HTLP,GV003_2_DEEP_2025-08-13,0
Undived,Grapeview 003,2025-08-13,B,Grazer,GV003_1_SHALLOW_2025-08-13,86
Undived,Grapeview 003,2025-08-13,B,Grazer,GV003_2_DEEP_2025-08-13,32
Undived,Grapeview 003,2025-08-13,B,Invertivore,GV003_1_SHALLOW_2025-08-13,24
Undived,Grapeview 003,2025-08-13,B,Invertivore,GV003_2_DEEP_2025-08-13,29
Undived,Grapeview 003,2025-08-13,B,Mesopredator,GV003_1_SHALLOW_2025-08-13,19
Undived,Grapeview 003,2025-08-13,B,Mesopredator,GV003_2_DEEP_2025-08-13,144
Undived,Grapeview 003,2025-08-13,B,HTLP,GV003_1_SHALLOW_2025-08-13,0
Undived,Grapeview 003,2025-08-13,B,HTLP,GV003_2_DEEP_2025-08-13,0
Undived,Grapeview 003,2025-08-19,A,Grazer,GV003_3_SHALLOW_2025-08-19,95
Undived,Grapeview 003,2025-08-19,A,Grazer,GV003_4_DEEP_2025-08-19,17
Undived,Grapeview 003,2025-08-19,A,Invertivore,GV003_3_SHALLOW_2025-08-19,25
Undived,Grapeview 003,2025-08-19,A,Invertivore,GV003_4_DEEP_2025-08-19,7
Undived,Grapeview 003,2025-08-19,A,Mesopredator,GV003_3_SHALLOW_2025-08-19,20
Undived,Grapeview 003,2025-08-19,A,Mesopredator,GV003_4_DEEP_2025-08-19,3
Undived,Grapeview 003,2025-08-19,A,HTLP,GV003_3_SHALLOW_2025-08-19,1
Undived,Grapeview 003,2025-08-19,A,HTLP,GV003_4_DEEP_2025-08-19,0
Undived,Grapeview 003,2025-08-19,B,Grazer,GV003_3_SHALLOW_2025-08-19,164
Undived,Grapeview 003,2025-08-19,B,Grazer,GV003_4_DEEP_2025-08-19,28
Undived,Grapeview 003,2025-08-19,B,Invertivore,GV003_3_SHALLOW_2025-08-19,44
Undived,Grapeview 003,2025-08-19,B,Invertivore,GV003_4_DEEP_2025-08-19,8
Undived,Grapeview 003,2025-08-19,B,Mesopredator,GV003_3_SHALLOW_2025-08-19,20
Undived,Grapeview 003,2025-08-19,B,Mesopredator,GV003_4_DEEP_2025-08-19,2
Undived,Grapeview 003,2025-08-19,B,HTLP,GV003_3_SHALLOW_2025-08-19,0
Undived,Grapeview 003,2025-08-19,B,HTLP,GV003_4_DEEP_2025-08-19,3
Undived,Grapeview 003,2025-08-22,A,Grazer,GV003_4_DEEP_2025-08-22,14
Undived,Grapeview 003,2025-08-22,A,Invertivore,GV003_4_DEEP_2025-08-22,25
Undived,Grapeview 003,2025-08-22,A,Mesopredator,GV003_4_DEEP_2025-08-22,31
Undived,Grapeview 003,2025-08-22,A,HTLP,GV003_4_DEEP_2025-08-22,0
Undived,Grapeview 003,2025-08-22,B,Grazer,GV003_4_DEEP_2025-08-22,18
Undived,Grapeview 003,2025-08-22,B,Invertivore,GV003_4_DEEP_2025-08-22,32
Undived,Grapeview 003,2025-08-22,B,Mesopredator,GV003_4_DEEP_2025-08-22,36
Undived,Grapeview 003,2025-08-22,B,HTLP,GV003_4_DEEP_2025-08-22,0
Undived,Hin Wong N 005,2025-08-12,A,Grazer,HWN005_1_SHALLOW_2025-08-12,155
Undived,Hin Wong N 005,2025-08-12,A,Grazer,HWN005_2_DEEP_2025-08-12,215
Undived,Hin Wong N 005,2025-08-12,A,Invertivore,HWN005_1_SHALLOW_2025-08-12,36
Undived,Hin Wong N 005,2025-08-12,A,Invertivore,HWN005_2_DEEP_2025-08-12,37
Undived,Hin Wong N 005,2025-08-12,A,Mesopredator,HWN005_1_SHALLOW_2025-08-12,28
Undived,Hin Wong N 005,2025-08-12,A,Mesopredator,HWN005_2_DEEP_2025-08-12,36
Undived,Hin Wong N 005,2025-08-12,A,HTLP,HWN005_1_SHALLOW_2025-08-12,0
Undived,Hin Wong N 005,2025-08-12,A,HTLP,HWN005_2_DEEP_2025-08-12,7
Undived,Hin Wong N 005,2025-08-12,B,Grazer,HWN005_1_SHALLOW_2025-08-12,144
Undived,Hin Wong N 005,2025-08-12,B,Grazer,HWN005_2_DEEP_2025-08-12,78
Undived,Hin Wong N 005,2025-08-12,B,Invertivore,HWN005_1_SHALLOW_2025-08-12,33
Undived,Hin Wong N 005,2025-08-12,B,Invertivore,HWN005_2_DEEP_2025-08-12,12
Undived,Hin Wong N 005,2025-08-12,B,Mesopredator,HWN005_1_SHALLOW_2025-08-12,36
Undived,Hin Wong N 005,2025-08-12,B,Mesopredator,HWN005_2_DEEP_2025-08-12,6
Undived,Hin Wong N 005,2025-08-12,B,HTLP,HWN005_1_SHALLOW_2025-08-12,0
Undived,Hin Wong N 005,2025-08-12,B,HTLP,HWN005_2_DEEP_2025-08-12,0
Undived,Hin Wong N 005,2025-08-21,A,Grazer,HWN005_3_SHALLOW_2025-08-21,180
Undived,Hin Wong N 005,2025-08-21,A,Grazer,HWN005_4_DEEP_2025-08-21,44
Undived,Hin Wong N 005,2025-08-21,A,Invertivore,HWN005_3_SHALLOW_2025-08-21,30
Undived,Hin Wong N 005,2025-08-21,A,Invertivore,HWN005_4_DEEP_2025-08-21,21
Undived,Hin Wong N 005,2025-08-21,A,Mesopredator,HWN005_3_SHALLOW_2025-08-21,33
Undived,Hin Wong N 005,2025-08-21,A,Mesopredator,HWN005_4_DEEP_2025-08-21,10
Undived,Hin Wong N 005,2025-08-21,A,HTLP,HWN005_3_SHALLOW_2025-08-21,0
Undived,Hin Wong N 005,2025-08-21,A,HTLP,HWN005_4_DEEP_2025-08-21,2
Undived,Hin Wong N 005,2025-08-21,B,Grazer,HWN005_3_SHALLOW_2025-08-21,182
Undived,Hin Wong N 005,2025-08-21,B,Grazer,HWN005_4_DEEP_2025-08-21,47
Undived,Hin Wong N 005,2025-08-21,B,Invertivore,HWN005_3_SHALLOW_2025-08-21,42
Undived,Hin Wong N 005,2025-08-21,B,Invertivore,HWN005_4_DEEP_2025-08-21,15
Undived,Hin Wong N 005,2025-08-21,B,Mesopredator,HWN005_3_SHALLOW_2025-08-21,23
Undived,Hin Wong N 005,2025-08-21,B,Mesopredator,HWN005_4_DEEP_2025-08-21,11
Undived,Hin Wong N 005,2025-08-21,B,HTLP,HWN005_3_SHALLOW_2025-08-21,1
Undived,Hin Wong N 005,2025-08-21,B,HTLP,HWN005_4_DEEP_2025-08-21,0
Undived,Hin Wong N 005,2025-08-25,A,Grazer,HWN005_5_SHALLOW_2025-08-25,132
Undived,Hin Wong N 005,2025-08-25,A,Grazer,HWN005_6_DEEP_2025-08-25,38
Undived,Hin Wong N 005,2025-08-25,A,Invertivore,HWN005_5_SHALLOW_2025-08-25,24
Undived,Hin Wong N 005,2025-08-25,A,Invertivore,HWN005_6_DEEP_2025-08-25,20
Undived,Hin Wong N 005,2025-08-25,A,Mesopredator,HWN005_5_SHALLOW_2025-08-25,20
Undived,Hin Wong N 005,2025-08-25,A,Mesopredator,HWN005_6_DEEP_2025-08-25,11
Undived,Hin Wong N 005,2025-08-25,A,HTLP,HWN005_5_SHALLOW_2025-08-25,2
Undived,Hin Wong N 005,2025-08-25,A,HTLP,HWN005_6_DEEP_2025-08-25,0
Undived,Hin Wong N 005,2025-08-25,B,Grazer,HWN005_5_SHALLOW_2025-08-25,134
Undived,Hin Wong N 005,2025-08-25,B,Grazer,HWN005_6_DEEP_2025-08-25,35
Undived,Hin Wong N 005,2025-08-25,B,Invertivore,HWN005_5_SHALLOW_2025-08-25,24
Undived,Hin Wong N 005,2025-08-25,B,Invertivore,HWN005_6_DEEP_2025-08-25,13
Undived,Hin Wong N 005,2025-08-25,B,Mesopredator,HWN005_5_SHALLOW_2025-08-25,17
Undived,Hin Wong N 005,2025-08-25,B,Mesopredator,HWN005_6_DEEP_2025-08-25,4
Undived,Hin Wong N 005,2025-08-25,B,HTLP,HWN005_5_SHALLOW_2025-08-25,0
Undived,Hin Wong N 005,2025-08-25,B,HTLP,HWN005_6_DEEP_2025-08-25,0
Undived,Laem Thian S 007,2025-08-12,A,Grazer,LTS007_1_SHALLOW_2025-08-12,124
Undived,Laem Thian S 007,2025-08-12,A,Grazer,LTS007_2_DEEP_2025-08-12,61
Undived,Laem Thian S 007,2025-08-12,A,Invertivore,LTS007_1_SHALLOW_2025-08-12,18
Undived,Laem Thian S 007,2025-08-12,A,Invertivore,LTS007_2_DEEP_2025-08-12,20
Undived,Laem Thian S 007,2025-08-12,A,Mesopredator,LTS007_1_SHALLOW_2025-08-12,30
Undived,Laem Thian S 007,2025-08-12,A,Mesopredator,LTS007_2_DEEP_2025-08-12,26
Undived,Laem Thian S 007,2025-08-12,A,HTLP,LTS007_1_SHALLOW_2025-08-12,0
Undived,Laem Thian S 007,2025-08-12,A,HTLP,LTS007_2_DEEP_2025-08-12,0
Undived,Laem Thian S 007,2025-08-12,B,Grazer,LTS007_1_SHALLOW_2025-08-12,140
Undived,Laem Thian S 007,2025-08-12,B,Grazer,LTS007_2_DEEP_2025-08-12,53
Undived,Laem Thian S 007,2025-08-12,B,Invertivore,LTS007_1_SHALLOW_2025-08-12,15
Undived,Laem Thian S 007,2025-08-12,B,Invertivore,LTS007_2_DEEP_2025-08-12,23
Undived,Laem Thian S 007,2025-08-12,B,Mesopredator,LTS007_1_SHALLOW_2025-08-12,31
Undived,Laem Thian S 007,2025-08-12,B,Mesopredator,LTS007_2_DEEP_2025-08-12,22
Undived,Laem Thian S 007,2025-08-12,B,HTLP,LTS007_1_SHALLOW_2025-08-12,2
Undived,Laem Thian S 007,2025-08-12,B,HTLP,LTS007_2_DEEP_2025-08-12,0
Undived,Lang Kai S 008,2025-08-14,A,Grazer,LKS008_1_SHALLOW_2025-08-14,207
Undived,Lang Kai S 008,2025-08-14,A,Grazer,LKS008_2_DEEP_2025-08-14,147
Undived,Lang Kai S 008,2025-08-14,A,Invertivore,LKS008_1_SHALLOW_2025-08-14,14
Undived,Lang Kai S 008,2025-08-14,A,Invertivore,LKS008_2_DEEP_2025-08-14,14
Undived,Lang Kai S 008,2025-08-14,A,Mesopredator,LKS008_1_SHALLOW_2025-08-14,1
Undived,Lang Kai S 008,2025-08-14,A,Mesopredator,LKS008_2_DEEP_2025-08-14,24
Undived,Lang Kai S 008,2025-08-14,A,HTLP,LKS008_1_SHALLOW_2025-08-14,4
Undived,Lang Kai S 008,2025-08-14,A,HTLP,LKS008_2_DEEP_2025-08-14,13
Undived,Lang Kai S 008,2025-08-14,B,Grazer,LKS008_1_SHALLOW_2025-08-14,208
Undived,Lang Kai S 008,2025-08-14,B,Grazer,LKS008_2_DEEP_2025-08-14,173
Undived,Lang Kai S 008,2025-08-14,B,Invertivore,LKS008_1_SHALLOW_2025-08-14,32
Undived,Lang Kai S 008,2025-08-14,B,Invertivore,LKS008_2_DEEP_2025-08-14,33
Undived,Lang Kai S 008,2025-08-14,B,Mesopredator,LKS008_1_SHALLOW_2025-08-14,2
Undived,Lang Kai S 008,2025-08-14,B,Mesopredator,LKS008_2_DEEP_2025-08-14,29
Undived,Lang Kai S 008,2025-08-14,B,HTLP,LKS008_1_SHALLOW_2025-08-14,3
Undived,Lang Kai S 008,2025-08-14,B,HTLP,LKS008_2_DEEP_2025-08-14,5
Undived,Lang Kai S 008,2025-08-21,A,Grazer,LKS008_3_SHALLOW_2025-08-21,113
Undived,Lang Kai S 008,2025-08-21,A,Grazer,LKS008_4_DEEP_2025-08-21,187
Undived,Lang Kai S 008,2025-08-21,A,Invertivore,LKS008_3_SHALLOW_2025-08-21,19
Undived,Lang Kai S 008,2025-08-21,A,Invertivore,LKS008_4_DEEP_2025-08-21,25
Undived,Lang Kai S 008,2025-08-21,A,Mesopredator,LKS008_3_SHALLOW_2025-08-21,17
Undived,Lang Kai S 008,2025-08-21,A,Mesopredator,LKS008_4_DEEP_2025-08-21,19
Undived,Lang Kai S 008,2025-08-21,A,HTLP,LKS008_3_SHALLOW_2025-08-21,0
Undived,Lang Kai S 008,2025-08-21,A,HTLP,LKS008_4_DEEP_2025-08-21,4
Undived,Lang Kai S 008,2025-08-21,B,Grazer,LKS008_3_SHALLOW_2025-08-21,130
Undived,Lang Kai S 008,2025-08-21,B,Grazer,LKS008_4_DEEP_2025-08-21,138
Undived,Lang Kai S 008,2025-08-21,B,Invertivore,LKS008_3_SHALLOW_2025-08-21,19
Undived,Lang Kai S 008,2025-08-21,B,Invertivore,LKS008_4_DEEP_2025-08-21,14
Undived,Lang Kai S 008,2025-08-21,B,Mesopredator,LKS008_3_SHALLOW_2025-08-21,11
Undived,Lang Kai S 008,2025-08-21,B,Mesopredator,LKS008_4_DEEP_2025-08-21,24
Undived,Lang Kai S 008,2025-08-21,B,HTLP,LKS008_3_SHALLOW_2025-08-21,2
Undived,Lang Kai S 008,2025-08-21,B,HTLP,LKS008_4_DEEP_2025-08-21,10
Undived,Lang Kai S 008,2025-08-25,A,Grazer,LKS008_5_SHALLOW_2025-08-25,175
Undived,Lang Kai S 008,2025-08-25,A,Grazer,LKS008_6_DEEP_2025-08-25,144
Undived,Lang Kai S 008,2025-08-25,A,Invertivore,LKS008_5_SHALLOW_2025-08-25,30
Undived,Lang Kai S 008,2025-08-25,A,Invertivore,LKS008_6_DEEP_2025-08-25,38
Undived,Lang Kai S 008,2025-08-25,A,Mesopredator,LKS008_5_SHALLOW_2025-08-25,20
Undived,Lang Kai S 008,2025-08-25,A,Mesopredator,LKS008_6_DEEP_2025-08-25,33
Undived,Lang Kai S 008,2025-08-25,A,HTLP,LKS008_5_SHALLOW_2025-08-25,1
Undived,Lang Kai S 008,2025-08-25,A,HTLP,LKS008_6_DEEP_2025-08-25,10
Undived,Lang Kai S 008,2025-08-25,B,Grazer,LKS008_5_SHALLOW_2025-08-25,184
Undived,Lang Kai S 008,2025-08-25,B,Grazer,LKS008_6_DEEP_2025-08-25,131
Undived,Lang Kai S 008,2025-08-25,B,Invertivore,LKS008_5_SHALLOW_2025-08-25,39
Undived,Lang Kai S 008,2025-08-25,B,Invertivore,LKS008_6_DEEP_2025-08-25,29
Undived,Lang Kai S 008,2025-08-25,B,Mesopredator,LKS008_5_SHALLOW_2025-08-25,20
Undived,Lang Kai S 008,2025-08-25,B,Mesopredator,LKS008_6_DEEP_2025-08-25,19
Undived,Lang Kai S 008,2025-08-25,B,HTLP,LKS008_5_SHALLOW_2025-08-25,1
Undived,Lang Kai S 008,2025-08-25,B,HTLP,LKS008_6_DEEP_2025-08-25,0
Undived,Lighthouse N 004,2025-08-13,A,Grazer,LH004_1_SHALLOW_2025-08-13,77
Undived,Lighthouse N 004,2025-08-13,A,Grazer,LH004_2_DEEP_2025-08-13,118
Undived,Lighthouse N 004,2025-08-13,A,Invertivore,LH004_1_SHALLOW_2025-08-13,14
Undived,Lighthouse N 004,2025-08-13,A,Invertivore,LH004_2_DEEP_2025-08-13,30
Undived,Lighthouse N 004,2025-08-13,A,Mesopredator,LH004_1_SHALLOW_2025-08-13,2
Undived,Lighthouse N 004,2025-08-13,A,Mesopredator,LH004_2_DEEP_2025-08-13,28
Undived,Lighthouse N 004,2025-08-13,A,HTLP,LH004_1_SHALLOW_2025-08-13,0
Undived,Lighthouse N 004,2025-08-13,A,HTLP,LH004_2_DEEP_2025-08-13,1
Undived,Lighthouse N 004,2025-08-13,B,Grazer,LH004_1_SHALLOW_2025-08-13,82
Undived,Lighthouse N 004,2025-08-13,B,Grazer,LH004_2_DEEP_2025-08-13,125
Undived,Lighthouse N 004,2025-08-13,B,Invertivore,LH004_1_SHALLOW_2025-08-13,12
Undived,Lighthouse N 004,2025-08-13,B,Invertivore,LH004_2_DEEP_2025-08-13,27
Undived,Lighthouse N 004,2025-08-13,B,Mesopredator,LH004_1_SHALLOW_2025-08-13,5
Undived,Lighthouse N 004,2025-08-13,B,Mesopredator,LH004_2_DEEP_2025-08-13,47
Undived,Lighthouse N 004,2025-08-13,B,HTLP,LH004_1_SHALLOW_2025-08-13,0
Undived,Lighthouse N 004,2025-08-13,B,HTLP,LH004_2_DEEP_2025-08-13,0
Undived,Lighthouse N 004,2025-08-20,A,Grazer,LH004_3_SHALLOW_2025-08-20,151
Undived,Lighthouse N 004,2025-08-20,A,Grazer,LH004_4_DEEP_2025-08-20,86
Undived,Lighthouse N 004,2025-08-20,A,Invertivore,LH004_3_SHALLOW_2025-08-20,20
Undived,Lighthouse N 004,2025-08-20,A,Invertivore,LH004_4_DEEP_2025-08-20,39
Undived,Lighthouse N 004,2025-08-20,A,Mesopredator,LH004_3_SHALLOW_2025-08-20,12
Undived,Lighthouse N 004,2025-08-20,A,Mesopredator,LH004_4_DEEP_2025-08-20,31
Undived,Lighthouse N 004,2025-08-20,A,HTLP,LH004_3_SHALLOW_2025-08-20,201
Undived,Lighthouse N 004,2025-08-20,A,HTLP,LH004_4_DEEP_2025-08-20,0
Undived,Lighthouse N 004,2025-08-20,B,Grazer,LH004_3_SHALLOW_2025-08-20,150
Undived,Lighthouse N 004,2025-08-20,B,Grazer,LH004_4_DEEP_2025-08-20,59
Undived,Lighthouse N 004,2025-08-20,B,Invertivore,LH004_3_SHALLOW_2025-08-20,14
Undived,Lighthouse N 004,2025-08-20,B,Invertivore,LH004_4_DEEP_2025-08-20,29
Undived,Lighthouse N 004,2025-08-20,B,Mesopredator,LH004_3_SHALLOW_2025-08-20,11
Undived,Lighthouse N 004,2025-08-20,B,Mesopredator,LH004_4_DEEP_2025-08-20,24
Undived,Lighthouse N 004,2025-08-20,B,HTLP,LH004_3_SHALLOW_2025-08-20,720
Undived,Lighthouse N 004,2025-08-20,B,HTLP,LH004_4_DEEP_2025-08-20,2
Undived,Lighthouse N 004,2025-08-27,A,Grazer,LH004_5_SHALLOW_2025-08-27,52
Undived,Lighthouse N 004,2025-08-27,A,Grazer,LH004_6_DEEP_2025-08-27,92
Undived,Lighthouse N 004,2025-08-27,A,Invertivore,LH004_5_SHALLOW_2025-08-27,13
Undived,Lighthouse N 004,2025-08-27,A,Invertivore,LH004_6_DEEP_2025-08-27,31
Undived,Lighthouse N 004,2025-08-27,A,Mesopredator,LH004_5_SHALLOW_2025-08-27,5
Undived,Lighthouse N 004,2025-08-27,A,Mesopredator,LH004_6_DEEP_2025-08-27,35
Undived,Lighthouse N 004,2025-08-27,A,HTLP,LH004_5_SHALLOW_2025-08-27,0
Undived,Lighthouse N 004,2025-08-27,A,HTLP,LH004_6_DEEP_2025-08-27,2
Undived,Lighthouse N 004,2025-08-27,B,Grazer,LH004_5_SHALLOW_2025-08-27,75
Undived,Lighthouse N 004,2025-08-27,B,Grazer,LH004_6_DEEP_2025-08-27,100
Undived,Lighthouse N 004,2025-08-27,B,Invertivore,LH004_5_SHALLOW_2025-08-27,5
Undived,Lighthouse N 004,2025-08-27,B,Invertivore,LH004_6_DEEP_2025-08-27,25
Undived,Lighthouse N 004,2025-08-27,B,Mesopredator,LH004_5_SHALLOW_2025-08-27,6
Undived,Lighthouse N 004,2025-08-27,B,Mesopredator,LH004_6_DEEP_2025-08-27,27
Undived,Lighthouse N 004,2025-08-27,B,HTLP,LH004_5_SHALLOW_2025-08-27,2
Undived,Lighthouse N 004,2025-08-27,B,HTLP,LH004_6_DEEP_2025-08-27,2
Undived,N Sai Nuan 0012,2025-08-22,A,Grazer,NSN012_3_SHALLOW_2025-08-22,57
Undived,N Sai Nuan 0012,2025-08-22,A,Grazer,NSN012_4_DEEP_2025-08-22,0
Undived,N Sai Nuan 0012,2025-08-22,A,Invertivore,NSN012_3_SHALLOW_2025-08-22,10
Undived,N Sai Nuan 0012,2025-08-22,A,Invertivore,NSN012_4_DEEP_2025-08-22,0
Undived,N Sai Nuan 0012,2025-08-22,A,Mesopredator,NSN012_3_SHALLOW_2025-08-22,8
Undived,N Sai Nuan 0012,2025-08-22,A,Mesopredator,NSN012_4_DEEP_2025-08-22,0
Undived,N Sai Nuan 0012,2025-08-22,A,HTLP,NSN012_3_SHALLOW_2025-08-22,0
Undived,N Sai Nuan 0012,2025-08-22,A,HTLP,NSN012_4_DEEP_2025-08-22,0
Undived,N Sai Nuan 0012,2025-08-22,B,Grazer,NSN012_3_SHALLOW_2025-08-22,59
Undived,N Sai Nuan 0012,2025-08-22,B,Grazer,NSN012_4_DEEP_2025-08-22,0
Undived,N Sai Nuan 0012,2025-08-22,B,Invertivore,NSN012_3_SHALLOW_2025-08-22,16
Undived,N Sai Nuan 0012,2025-08-22,B,Invertivore,NSN012_4_DEEP_2025-08-22,0
Undived,N Sai Nuan 0012,2025-08-22,B,Mesopredator,NSN012_3_SHALLOW_2025-08-22,7
Undived,N Sai Nuan 0012,2025-08-22,B,Mesopredator,NSN012_4_DEEP_2025-08-22,0
Undived,N Sai Nuan 0012,2025-08-22,B,HTLP,NSN012_3_SHALLOW_2025-08-22,0
Undived,N Sai Nuan 0012,2025-08-22,B,HTLP,NSN012_4_DEEP_2025-08-22,0
Undived,N Sai Nuan 012,2025-08-18,A,Grazer,NSN012_1_SHALLOW_2025-08-18,114
Undived,N Sai Nuan 012,2025-08-18,A,Grazer,NSN012_2_DEEP_2025-08-18,9
Undived,N Sai Nuan 012,2025-08-18,A,Invertivore,NSN012_1_SHALLOW_2025-08-18,37
Undived,N Sai Nuan 012,2025-08-18,A,Invertivore,NSN012_2_DEEP_2025-08-18,0
Undived,N Sai Nuan 012,2025-08-18,A,Mesopredator,NSN012_1_SHALLOW_2025-08-18,47
Undived,N Sai Nuan 012,2025-08-18,A,Mesopredator,NSN012_2_DEEP_2025-08-18,0
Undived,N Sai Nuan 012,2025-08-18,A,HTLP,NSN012_1_SHALLOW_2025-08-18,1
Undived,N Sai Nuan 012,2025-08-18,A,HTLP,NSN012_2_DEEP_2025-08-18,1
Undived,N Sai Nuan 012,2025-08-18,B,Grazer,NSN012_1_SHALLOW_2025-08-18,99
Undived,N Sai Nuan 012,2025-08-18,B,Grazer,NSN012_2_DEEP_2025-08-18,4
Undived,N Sai Nuan 012,2025-08-18,B,Invertivore,NSN012_1_SHALLOW_2025-08-18,25
Undived,N Sai Nuan 012,2025-08-18,B,Invertivore,NSN012_2_DEEP_2025-08-18,2
Undived,N Sai Nuan 012,2025-08-18,B,Mesopredator,NSN012_1_SHALLOW_2025-08-18,31
Undived,N Sai Nuan 012,2025-08-18,B,Mesopredator,NSN012_2_DEEP_2025-08-18,0
Undived,N Sai Nuan 012,2025-08-18,B,HTLP,NSN012_1_SHALLOW_2025-08-18,0
Undived,N Sai Nuan 012,2025-08-18,B,HTLP,NSN012_2_DEEP_2025-08-18,0
Undived,N Sai Nuan 012,2025-08-28,A,Grazer,NSN012_5_SHALLOW_2025-08-28,113
Undived,N Sai Nuan 012,2025-08-28,A,Grazer,NSN012_6_DEEP_2025-08-28,2
Undived,N Sai Nuan 012,2025-08-28,A,Invertivore,NSN012_5_SHALLOW_2025-08-28,44
Undived,N Sai Nuan 012,2025-08-28,A,Invertivore,NSN012_6_DEEP_2025-08-28,0
Undived,N Sai Nuan 012,2025-08-28,A,Mesopredator,NSN012_5_SHALLOW_2025-08-28,13
Undived,N Sai Nuan 012,2025-08-28,A,Mesopredator,NSN012_6_DEEP_2025-08-28,2
Undived,N Sai Nuan 012,2025-08-28,A,HTLP,NSN012_5_SHALLOW_2025-08-28,0
Undived,N Sai Nuan 012,2025-08-28,A,HTLP,NSN012_6_DEEP_2025-08-28,0
Undived,N Sai Nuan 012,2025-08-28,B,Grazer,NSN012_5_SHALLOW_2025-08-28,94
Undived,N Sai Nuan 012,2025-08-28,B,Grazer,NSN012_6_DEEP_2025-08-28,2
Undived,N Sai Nuan 012,2025-08-28,B,Invertivore,NSN012_5_SHALLOW_2025-08-28,41
Undived,N Sai Nuan 012,2025-08-28,B,Invertivore,NSN012_6_DEEP_2025-08-28,0
Undived,N Sai Nuan 012,2025-08-28,B,Mesopredator,NSN012_5_SHALLOW_2025-08-28,13
Undived,N Sai Nuan 012,2025-08-28,B,Mesopredator,NSN012_6_DEEP_2025-08-28,4
Undived,N Sai Nuan 012,2025-08-28,B,HTLP,NSN012_5_SHALLOW_2025-08-28,0
Undived,N Sai Nuan 012,2025-08-28,B,HTLP,NSN012_6_DEEP_2025-08-28,0
Undived,Nang Yuan S 001,2025-08-18,A,Grazer,SNY001_1_SHALLOW_2025-08-18,147
Undived,Nang Yuan S 001,2025-08-18,A,Grazer,SNY001_2_DEEP_2025-08-18,66
Undived,Nang Yuan S 001,2025-08-18,A,Invertivore,SNY001_1_SHALLOW_2025-08-18,41
Undived,Nang Yuan S 001,2025-08-18,A,Invertivore,SNY001_2_DEEP_2025-08-18,22
Undived,Nang Yuan S 001,2025-08-18,A,Mesopredator,SNY001_1_SHALLOW_2025-08-18,39
Undived,Nang Yuan S 001,2025-08-18,A,Mesopredator,SNY001_2_DEEP_2025-08-18,8
Undived,Nang Yuan S 001,2025-08-18,A,HTLP,SNY001_1_SHALLOW_2025-08-18,3
Undived,Nang Yuan S 001,2025-08-18,A,HTLP,SNY001_2_DEEP_2025-08-18,1
Undived,Nang Yuan S 001,2025-08-18,B,Grazer,SNY001_1_SHALLOW_2025-08-18,83
Undived,Nang Yuan S 001,2025-08-18,B,Grazer,SNY001_2_DEEP_2025-08-18,49
Undived,Nang Yuan S 001,2025-08-18,B,Invertivore,SNY001_1_SHALLOW_2025-08-18,25
Undived,Nang Yuan S 001,2025-08-18,B,Invertivore,SNY001_2_DEEP_2025-08-18,17
Undived,Nang Yuan S 001,2025-08-18,B,Mesopredator,SNY001_1_SHALLOW_2025-08-18,16
Undived,Nang Yuan S 001,2025-08-18,B,Mesopredator,SNY001_2_DEEP_2025-08-18,14
Undived,Nang Yuan S 001,2025-08-18,B,HTLP,SNY001_1_SHALLOW_2025-08-18,4
Undived,Nang Yuan S 001,2025-08-18,B,HTLP,SNY001_2_DEEP_2025-08-18,1
Undived,S Nangyuan 001,2025-08-20,A,Grazer,SNY001_3_SHALLOW_2025-08-20,83
Undived,S Nangyuan 001,2025-08-20,A,Grazer,SNY001_4_DEEP_2025-08-20,39
Undived,S Nangyuan 001,2025-08-20,A,Invertivore,SNY001_3_SHALLOW_2025-08-20,17
Undived,S Nangyuan 001,2025-08-20,A,Invertivore,SNY001_4_DEEP_2025-08-20,9
Undived,S Nangyuan 001,2025-08-20,A,Mesopredator,SNY001_3_SHALLOW_2025-08-20,33
Undived,S Nangyuan 001,2025-08-20,A,Mesopredator,SNY001_4_DEEP_2025-08-20,12
Undived,S Nangyuan 001,2025-08-20,A,HTLP,SNY001_3_SHALLOW_2025-08-20,4
Undived,S Nangyuan 001,2025-08-20,A,HTLP,SNY001_4_DEEP_2025-08-20,1
Undived,S Nangyuan 001,2025-08-20,B,Grazer,SNY001_3_SHALLOW_2025-08-20,95
Undived,S Nangyuan 001,2025-08-20,B,Grazer,SNY001_4_DEEP_2025-08-20,54
Undived,S Nangyuan 001,2025-08-20,B,Invertivore,SNY001_3_SHALLOW_2025-08-20,35
Undived,S Nangyuan 001,2025-08-20,B,Invertivore,SNY001_4_DEEP_2025-08-20,13
Undived,S Nangyuan 001,2025-08-20,B,Mesopredator,SNY001_3_SHALLOW_2025-08-20,27
Undived,S Nangyuan 001,2025-08-20,B,Mesopredator,SNY001_4_DEEP_2025-08-20,12
Undived,S Nangyuan 001,2025-08-20,B,HTLP,SNY001_3_SHALLOW_2025-08-20,2
Undived,S Nangyuan 001,2025-08-20,B,HTLP,SNY001_4_DEEP_2025-08-20,0
Undived,S Nangyuan 001,2025-08-27,A,Grazer,SNY001_5_SHALLOW_2025-08-27,26
Undived,S Nangyuan 001,2025-08-27,A,Grazer,SNY001_6_DEEP_2025-08-27,59
Undived,S Nangyuan 001,2025-08-27,A,Invertivore,SNY001_5_SHALLOW_2025-08-27,8
Undived,S Nangyuan 001,2025-08-27,A,Invertivore,SNY001_6_DEEP_2025-08-27,13
Undived,S Nangyuan 001,2025-08-27,A,Mesopredator,SNY001_5_SHALLOW_2025-08-27,12
Undived,S Nangyuan 001,2025-08-27,A,Mesopredator,SNY001_6_DEEP_2025-08-27,14
Undived,S Nangyuan 001,2025-08-27,A,HTLP,SNY001_5_SHALLOW_2025-08-27,1
Undived,S Nangyuan 001,2025-08-27,A,HTLP,SNY001_6_DEEP_2025-08-27,0
Undived,S Nangyuan 001,2025-08-27,B,Grazer,SNY001_5_SHALLOW_2025-08-27,22
Undived,S Nangyuan 001,2025-08-27,B,Grazer,SNY001_6_DEEP_2025-08-27,53
Undived,S Nangyuan 001,2025-08-27,B,Invertivore,SNY001_5_SHALLOW_2025-08-27,7
Undived,S Nangyuan 001,2025-08-27,B,Invertivore,SNY001_6_DEEP_2025-08-27,10
Undived,S Nangyuan 001,2025-08-27,B,Mesopredator,SNY001_5_SHALLOW_2025-08-27,1
Undived,S Nangyuan 001,2025-08-27,B,Mesopredator,SNY001_6_DEEP_2025-08-27,12
Undived,S Nangyuan 001,2025-08-27,B,HTLP,SNY001_5_SHALLOW_2025-08-27,5
Undived,S Nangyuan 001,2025-08-27,B,HTLP,SNY001_6_DEEP_2025-08-27,1
